species1,gene1,species2,gene2,cluster_id
C. glabrata,CAGL0F03465g,C. albicans,orf19.5094,Cluster10004
C. glabrata,CAGL0I05808g,C. albicans,orf19.6020,Cluster10005
C. glabrata,CAGL0M09559g,C. albicans,orf19.1251,Cluster10006
C. albicans,orf19.5041,C. glabrata,CAGL0L07084g,Cluster10007
C. albicans,orf19.5387,C. glabrata,CAGL0A00781g,Cluster10026
C. glabrata,CAGL0C04895g,C. albicans,orf19.4744,Cluster10028
C. albicans,orf19.5530,C. glabrata,CAGL0H03267g,Cluster1003
C. glabrata,CAGL0I04400g,C. albicans,orf19.145,Cluster10045
C. albicans,orf19.4120,C. glabrata,CAGL0M05885g,Cluster10046
C. glabrata,CAGL0I04796g,C. albicans,orf19.7325,Cluster10048
C. glabrata,CAGL0L03806g,C. albicans,orf19.7050,Cluster1005
C. glabrata,CAGL0J05940g,C. albicans,orf19.7001,Cluster10056
C. glabrata,CAGL0G06138g,C. albicans,orf19.7001,Cluster10056
C. glabrata,CAGL0A00539g,C. albicans,orf19.5397,Cluster10082
C. glabrata,CAGL0K12826g,C. albicans,orf19.2935,Cluster10088
C. glabrata,CAGL0C05489g,C. albicans,orf19.6706,Cluster10089
C. glabrata,CAGL0K12848g,C. albicans,orf19.2937,Cluster10093
C. albicans,orf19.5587,C. glabrata,CAGL0C01155g,Cluster10094
C. albicans,orf19.2774,C. glabrata,CAGL0I10923g,Cluster10096
C. glabrata,CAGL0J06930g,C. albicans,orf19.185,Cluster10099
C. albicans,orf19.5098,C. glabrata,CAGL0H06303g,Cluster10102
C. albicans,orf19.4007,C. glabrata,CAGL0F05511g,Cluster10113
C. albicans,orf19.3281,C. glabrata,CAGL0J02860g,Cluster10134
C. albicans,orf19.5441,C. glabrata,CAGL0J02464g,Cluster10137
C. albicans,orf19.4223,C. glabrata,CAGL0I08327g,Cluster10138
C. albicans,orf19.2775,C. glabrata,CAGL0J06952g,Cluster10141
C. glabrata,CAGL0D04928g,C. albicans,orf19.1614,Cluster10146
C. glabrata,CAGL0H09196g,C. albicans,orf19.1232,Cluster10170
C. glabrata,CAGL0I01496g,C. albicans,orf19.1896,Cluster10171
C. albicans,orf19.4632,C. glabrata,CAGL0K07414g,Cluster10176
C. albicans,orf19.5009,C. glabrata,CAGL0A01067g,Cluster10177
C. glabrata,CAGL0C01375g,C. albicans,orf19.246,Cluster10178
C. albicans,orf19.2622,C. glabrata,CAGL0C02453g,Cluster10182
C. albicans,orf19.5465,C. glabrata,CAGL0F07557g,Cluster1020
C. albicans,orf19.4622,C. glabrata,CAGL0M13035g,Cluster10207
C. glabrata,CAGL0L11880g,C. albicans,orf19.2730,Cluster10214
C. glabrata,CAGL0E05016g,C. albicans,orf19.1986,Cluster10216
C. albicans,orf19.1988,C. glabrata,CAGL0M11550g,Cluster10217
C. glabrata,CAGL0M04323g,C. albicans,orf19.6124,Cluster10218
C. albicans,orf19.1070,C. glabrata,CAGL0K08822g,Cluster10220
C. glabrata,CAGL0G10021g,C. albicans,orf19.4125,Cluster10221
C. glabrata,CAGL0M11946g,C. albicans,orf19.586,Cluster10222
C. glabrata,CAGL0I06050g,C. albicans,orf19.7585,Cluster10223
C. glabrata,CAGL0M08844g,C. albicans,orf19.2654,Cluster10227
C. albicans,orf19.1163,C. glabrata,CAGL0M01122g,Cluster10228
C. glabrata,CAGL0B02794g,C. albicans,orf19.3870,Cluster10230
C. albicans,orf19.6873,C. glabrata,CAGL0A04521g,Cluster10231
C. glabrata,CAGL0K10906g,C. albicans,orf19.827.1,Cluster10232
C. albicans,orf19.5685,C. glabrata,CAGL0M12991g,Cluster10233
C. glabrata,CAGL0J00385g,C. albicans,orf19.6717,Cluster10235
C. glabrata,CAGL0G02343g,C. albicans,orf19.5534,Cluster10239
C. albicans,orf19.6649,C. glabrata,CAGL0F08151g,Cluster10242
C. glabrata,CAGL0G09999g,C. albicans,orf19.2848,Cluster10248
C. glabrata,CAGL0I02508g,C. albicans,orf19.4720,Cluster10249
C. glabrata,CAGL0H03333g,C. albicans,orf19.252,Cluster1025
C. glabrata,CAGL0H05907g,C. albicans,orf19.4478,Cluster10250
C. glabrata,CAGL0D05940g,C. albicans,orf19.406,Cluster10253
C. glabrata,CAGL0J10179g,C. albicans,orf19.6531.1,Cluster10297
C. albicans,orf19.2307,C. glabrata,CAGL0M04081g,Cluster10299
C. glabrata,CAGL0I04356g,C. albicans,orf19.3324,Cluster10326
C. albicans,orf19.3061,C. glabrata,CAGL0I00682g,Cluster10327
C. albicans,orf19.4199,C. glabrata,CAGL0I09746g,Cluster10328
C. glabrata,CAGL0D01034g,C. albicans,orf19.6190,Cluster10332
C. albicans,orf19.3131,C. glabrata,CAGL0K05687g,Cluster10333
C. glabrata,CAGL0J03190g,C. albicans,orf19.5840,Cluster10334
C. albicans,orf19.5429,C. glabrata,CAGL0K05599g,Cluster10339
C. glabrata,CAGL0B03531g,C. albicans,orf19.6732,Cluster10345
C. glabrata,CAGL0H05181g,C. albicans,orf19.212,Cluster10355
C. albicans,orf19.5628,C. glabrata,CAGL0G01166g,Cluster10358
C. glabrata,CAGL0G02827g,C. albicans,orf19.3505,Cluster10385
C. albicans,orf19.2335,C. glabrata,CAGL0I01298g,Cluster10386
C. albicans,orf19.7081,C. glabrata,CAGL0H03817g,Cluster10387
C. glabrata,CAGL0G01903g,C. albicans,orf19.5811,Cluster10395
C. albicans,orf19.397,C. glabrata,CAGL0K06391g,Cluster10439
C. albicans,orf19.1007,C. glabrata,CAGL0D04378g,Cluster10452
C. glabrata,CAGL0G09339g,C. albicans,orf19.1290,Cluster10471
C. glabrata,CAGL0M09130g,C. albicans,orf19.643,Cluster10474
C. albicans,orf19.6971,C. glabrata,CAGL0L06556g,Cluster10475
C. glabrata,CAGL0K10054g,C. albicans,orf19.4863,Cluster10488
C. glabrata,CAGL0M13563g,C. albicans,orf19.3972,Cluster10528
C. glabrata,CAGL0G09152g,C. albicans,orf19.243,Cluster10529
C. albicans,orf19.5960,C. glabrata,CAGL0L08448g,Cluster10531
C. glabrata,CAGL0L01859g,C. albicans,orf19.6283,Cluster10540
C. glabrata,CAGL0M12276g,C. albicans,orf19.6016,Cluster10545
C. albicans,orf19.779,C. glabrata,CAGL0L09042g,Cluster10547
C. albicans,orf19.3812,C. glabrata,CAGL0L10560g,Cluster10552
C. glabrata,CAGL0F01991g,C. albicans,orf19.7043,Cluster10554
C. glabrata,CAGL0L05126g,C. albicans,orf19.2166,Cluster10556
C. albicans,orf19.6950,C. glabrata,CAGL0A02508g,Cluster10572
C. albicans,orf19.449,C. glabrata,CAGL0G01925g,Cluster10581
C. albicans,orf19.4683,C. glabrata,CAGL0G02497g,Cluster10591
C. glabrata,CAGL0G00462g,C. albicans,orf19.2887,Cluster10604
C. glabrata,CAGL0F06589g,C. albicans,orf19.103,Cluster10615
C. albicans,orf19.1525,C. glabrata,CAGL0G05005g,Cluster10616
C. albicans,orf19.7057,C. glabrata,CAGL0C01947g,Cluster10641
C. albicans,orf19.1772,C. glabrata,CAGL0J03278g,Cluster10644
C. albicans,orf19.3106,C. glabrata,CAGL0I08503g,Cluster10647
C. glabrata,CAGL0J10736g,C. albicans,orf19.1459,Cluster10648
C. glabrata,CAGL0E01567g,C. albicans,orf19.233.1,Cluster10649
C. albicans,orf19.4278,C. glabrata,CAGL0M10285g,Cluster10650
C. glabrata,CAGL0J10758g,C. albicans,orf19.1460,Cluster10652
C. glabrata,CAGL0H05049g,C. albicans,orf19.5705,Cluster10655
C. glabrata,CAGL0L10384g,C. albicans,orf19.3625,Cluster10660
C. albicans,orf19.2028,C. glabrata,CAGL0C02233g,Cluster10682
C. glabrata,CAGL0F08723g,C. albicans,orf19.2107,Cluster10685
C. glabrata,CAGL0M00880g,C. albicans,orf19.5641,Cluster10686
C. glabrata,CAGL0L01243g,C. albicans,orf19.7394,Cluster10689
C. glabrata,CAGL0E02849g,C. albicans,orf19.1289,Cluster10693
C. albicans,orf19.3234,C. glabrata,CAGL0K10890g,Cluster10696
C. albicans,orf19.5816,C. glabrata,CAGL0K10890g,Cluster10696
C. albicans,orf19.3442,C. glabrata,CAGL0L09537g,Cluster10697
C. albicans,orf19.3135,C. glabrata,CAGL0H04785g,Cluster10701
C. albicans,orf19.6597,C. glabrata,CAGL0M09757g,Cluster10711
C. albicans,orf19.6596,C. glabrata,CAGL0J05324g,Cluster10712
C. albicans,orf19.6598,C. glabrata,CAGL0G09735g,Cluster10718
C. albicans,orf19.7448,C. glabrata,CAGL0C03443g,Cluster10724
C. albicans,orf19.2098,C. glabrata,CAGL0G01254g,Cluster10765
C. glabrata,CAGL0L11110g,C. albicans,orf19.6033,Cluster1077
C. albicans,orf19.3929,C. glabrata,CAGL0C04631g,Cluster10778
C. glabrata,CAGL0I04378g,C. albicans,orf19.4494,Cluster1078
C. glabrata,CAGL0M09999g,C. albicans,orf19.5219,Cluster10780
C. glabrata,CAGL0I07909g,C. albicans,orf19.5219,Cluster10780
C. albicans,orf19.6987,C. glabrata,CAGL0D05808g,Cluster10795
C. glabrata,CAGL0L10648g,C. albicans,orf19.6028,Cluster10797
C. albicans,orf19.1672,C. glabrata,CAGL0I03718g,Cluster10799
C. glabrata,CAGL0K05841g,C. albicans,orf19.6182,Cluster108
C. albicans,orf19.1960,C. glabrata,CAGL0M11990g,Cluster10803
C. albicans,orf19.7360,C. glabrata,CAGL0L12738g,Cluster1081
C. albicans,orf19.6376,C. glabrata,CAGL0J08657g,Cluster10815
C. glabrata,CAGL0L05874g,C. albicans,orf19.4969,Cluster10816
C. glabrata,CAGL0K00429g,C. albicans,orf19.6463,Cluster10818
C. albicans,orf19.3114,C. glabrata,CAGL0H02717g,Cluster10820
C. albicans,orf19.908,C. glabrata,CAGL0G04851g,Cluster10822
C. glabrata,CAGL0F03223g,C. albicans,orf19.726,Cluster10823
C. glabrata,CAGL0I01188g,C. albicans,orf19.3013,Cluster1083
C. albicans,orf19.4005,C. glabrata,CAGL0F05555g,Cluster10839
C. albicans,orf19.7067,C. glabrata,CAGL0B01375g,Cluster10844
C. albicans,orf19.7036,C. glabrata,CAGL0L09933g,Cluster1085
C. albicans,orf19.5754,C. glabrata,CAGL0D03322g,Cluster10857
C. albicans,orf19.3577.1,C. glabrata,CAGL0K10879g,Cluster10882
C. albicans,orf19.5182,C. glabrata,CAGL0L07348g,Cluster10883
C. glabrata,CAGL0K01969g,C. albicans,orf19.519,Cluster10884
C. glabrata,CAGL0I08547g,C. albicans,orf19.4532,Cluster10895
C. albicans,orf19.4699,C. glabrata,CAGL0M13981g,Cluster1095
C. albicans,orf19.1792,C. glabrata,CAGL0L09823g,Cluster1096
C. glabrata,CAGL0J07370g,C. albicans,orf19.2399,Cluster10965
C. albicans,orf19.4972,C. glabrata,CAGL0L12562g,Cluster10971
C. albicans,orf19.1757,C. glabrata,CAGL0B02651g,Cluster10974
C. glabrata,CAGL0J01595g,C. albicans,orf19.6121,Cluster10976
C. glabrata,CAGL0B01903g,C. albicans,orf19.2088,Cluster10982
C. albicans,orf19.771,C. glabrata,CAGL0E05214g,Cluster110
C. albicans,orf19.771,C. glabrata,CAGL0E05236g,Cluster110
C. glabrata,CAGL0K03333g,C. albicans,orf19.7412,Cluster11024
C. glabrata,CAGL0L09471g,C. albicans,orf19.4030,Cluster11029
C. albicans,orf19.606,C. glabrata,CAGL0B03113g,Cluster11031
C. glabrata,CAGL0H08349g,C. albicans,orf19.5368,Cluster11034
C. albicans,orf19.2275,C. glabrata,CAGL0H03531g,Cluster11036
C. albicans,orf19.6540,C. glabrata,CAGL0L10758g,Cluster11039
C. glabrata,CAGL0M08206g,C. albicans,orf19.1911,Cluster11041
C. albicans,orf19.558,C. glabrata,CAGL0E03916g,Cluster11061
C. glabrata,CAGL0G05874g,C. albicans,orf19.7255,Cluster11085
C. albicans,orf19.3419,C. glabrata,CAGL0L02035g,Cluster11086
C. glabrata,CAGL0H04653g,C. albicans,orf19.1631,Cluster11088
C. albicans,orf19.4871,C. glabrata,CAGL0H06919g,Cluster11089
C. albicans,orf19.487,C. glabrata,CAGL0F03597g,Cluster11093
C. albicans,orf19.1297,C. glabrata,CAGL0H10428g,Cluster11113
C. glabrata,CAGL0I08635g,C. albicans,orf19.2736,Cluster11114
C. glabrata,CAGL0E04444g,C. albicans,orf19.7617,Cluster11152
C. albicans,orf19.4357,C. glabrata,CAGL0D02134g,Cluster11157
C. albicans,orf19.5531,C. glabrata,CAGL0E00913g,Cluster11192
C. glabrata,CAGL0L02145g,C. albicans,orf19.1204,Cluster11199
C. glabrata,CAGL0K03223g,C. albicans,orf19.2078,Cluster11201
C. albicans,orf19.5230,C. glabrata,CAGL0L06732g,Cluster11203
C. glabrata,CAGL0L12826g,C. albicans,orf19.2297,Cluster11220
C. albicans,orf19.5200,C. glabrata,CAGL0K01331g,Cluster11228
C. glabrata,CAGL0E06424g,C. albicans,orf19.3507,Cluster11236
C. albicans,orf19.4753,C. glabrata,CAGL0D01100g,Cluster11239
C. glabrata,CAGL0J07766g,C. albicans,orf19.2017,Cluster11268
C. albicans,orf19.4449,C. glabrata,CAGL0F06017g,Cluster11269
C. glabrata,CAGL0F03575g,C. albicans,orf19.374,Cluster11271
C. albicans,orf19.4676,C. glabrata,CAGL0M13057g,Cluster11288
C. albicans,orf19.1545,C. glabrata,CAGL0M09603g,Cluster11290
C. albicans,orf19.7361,C. glabrata,CAGL0H05555g,Cluster11294
C. albicans,orf19.396,C. glabrata,CAGL0M09295g,Cluster11302
C. albicans,orf19.2911,C. glabrata,CAGL0H09680g,Cluster11331
C. glabrata,CAGL0M09581g,C. albicans,orf19.6854,Cluster11332
C. albicans,orf19.4662,C. glabrata,CAGL0H05621g,Cluster11334
C. albicans,orf19.1945,C. glabrata,CAGL0K02805g,Cluster11335
C. glabrata,CAGL0B03465g,C. albicans,orf19.21,Cluster11336
C. glabrata,CAGL0J09152g,C. albicans,orf19.5968,Cluster11340
C. glabrata,CAGL0B04741g,C. albicans,orf19.7072,Cluster11358
C. glabrata,CAGL0H04191g,C. albicans,orf19.2066.1,Cluster11359
C. glabrata,CAGL0K02827g,C. albicans,orf19.945,Cluster11363
C. glabrata,CAGL0E05082g,C. albicans,orf19.1805,Cluster11371
C. albicans,orf19.6480,C. glabrata,CAGL0E04290g,Cluster11379
C. albicans,orf19.6783,C. glabrata,CAGL0J07260g,Cluster11380
C. albicans,orf19.4206,C. glabrata,CAGL0A03256g,Cluster11383
C. glabrata,CAGL0C00319g,C. albicans,orf19.4610,Cluster11397
C. albicans,orf19.5552,C. glabrata,CAGL0C05225g,Cluster11416
C. glabrata,CAGL0F01617g,C. albicans,orf19.4528,Cluster11419
C. albicans,orf19.291,C. glabrata,CAGL0G06116g,Cluster11420
C. glabrata,CAGL0I01870g,C. albicans,orf19.5943,Cluster11421
C. glabrata,CAGL0G02475g,C. albicans,orf19.4684.2,Cluster11425
C. albicans,orf19.5412,C. glabrata,CAGL0L02255g,Cluster11427
C. albicans,orf19.3201,C. glabrata,CAGL0E00341g,Cluster1146
C. albicans,orf19.1989,C. glabrata,CAGL0L01727g,Cluster11466
C. albicans,orf19.3622,C. glabrata,CAGL0L01331g,Cluster1147
C. glabrata,CAGL0I04950g,C. albicans,orf19.728,Cluster11470
C. albicans,orf19.5357,C. glabrata,CAGL0K11990g,Cluster11472
C. glabrata,CAGL0D00748g,C. albicans,orf19.5213.2,Cluster11483
C. albicans,orf19.5213.1,C. glabrata,CAGL0C02623g,Cluster11484
C. albicans,orf19.5213.1,C. glabrata,CAGL0C02607g,Cluster11484
C. albicans,orf19.6501,C. glabrata,CAGL0M05467g,Cluster11489
C. glabrata,CAGL0J03498g,C. albicans,orf19.3777,Cluster1149
C. albicans,orf19.4941,C. glabrata,CAGL0E05566g,Cluster11492
C. glabrata,CAGL0C05335g,C. albicans,orf19.4722,Cluster11493
C. glabrata,CAGL0B01727g,C. albicans,orf19.1637,Cluster11495
C. albicans,orf19.3307,C. glabrata,CAGL0I02530g,Cluster1151
C. glabrata,CAGL0L12804g,C. albicans,orf19.7383,Cluster1152
C. glabrata,CAGL0K01595g,C. albicans,orf19.7292,Cluster11536
C. albicans,orf19.3806,C. glabrata,CAGL0K03949g,Cluster11549
C. albicans,orf19.1576,C. glabrata,CAGL0K02563g,Cluster1155
C. albicans,orf19.2040,C. glabrata,CAGL0H08580g,Cluster11550
C. albicans,orf19.6988,C. glabrata,CAGL0D05742g,Cluster11552
C. albicans,orf19.3192,C. glabrata,CAGL0H08195g,Cluster11564
C. glabrata,CAGL0D02464g,C. albicans,orf19.5586,Cluster11642
C. glabrata,CAGL0H02491g,C. albicans,orf19.227,Cluster11648
C. glabrata,CAGL0H03773g,C. albicans,orf19.3867,Cluster11649
C. glabrata,CAGL0I07293g,C. albicans,orf19.575,Cluster11652
C. albicans,orf19.6640,C. glabrata,CAGL0J09812g,Cluster11656
C. albicans,orf19.5326,C. glabrata,CAGL0C02519g,Cluster11657
C. albicans,orf19.4318,C. glabrata,CAGL0C02519g,Cluster11657
C. glabrata,CAGL0M00121g,C. albicans,orf19.4361,Cluster11668
C. glabrata,CAGL0M00121g,C. albicans,orf19.465,Cluster11668
C. albicans,orf19.4361,C. glabrata,CAGL0B05061g,Cluster11668
C. albicans,orf19.465,C. glabrata,CAGL0B05061g,Cluster11668
C. glabrata,CAGL0E06314g,C. albicans,orf19.414,Cluster1168
C. glabrata,CAGL0J01980g,C. albicans,orf19.2919,Cluster11685
C. albicans,orf19.6195,C. glabrata,CAGL0G00374g,Cluster11689
C. glabrata,CAGL0L10934g,C. albicans,orf19.4801,Cluster11691
C. glabrata,CAGL0M07678g,C. albicans,orf19.3287,Cluster11692
C. glabrata,CAGL0A03366g,C. albicans,orf19.492,Cluster11693
C. albicans,orf19.1642,C. glabrata,CAGL0F02299g,Cluster11708
C. glabrata,CAGL0F08459g,C. albicans,orf19.3955,Cluster11715
C. albicans,orf19.2249,C. glabrata,CAGL0M10593g,Cluster11717
C. glabrata,CAGL0K07700g,C. albicans,orf19.3170,Cluster11719
C. glabrata,CAGL0J05984g,C. albicans,orf19.2251,Cluster11720
C. glabrata,CAGL0M04829g,C. albicans,orf19.1578,Cluster11721
C. glabrata,CAGL0J10824g,C. albicans,orf19.1570,Cluster11722
C. albicans,orf19.5821,C. glabrata,CAGL0L07634g,Cluster11726
C. glabrata,CAGL0I08965g,C. albicans,orf19.4127,Cluster11731
C. glabrata,CAGL0K06215g,C. albicans,orf19.2330,Cluster11733
C. glabrata,CAGL0H03729g,C. albicans,orf19.3862,Cluster11736
C. glabrata,CAGL0K09702g,C. albicans,orf19.2908,Cluster1174
C. glabrata,CAGL0F02277g,C. albicans,orf19.2002,Cluster11740
C. albicans,orf19.6745,C. glabrata,CAGL0H08327g,Cluster11742
C. glabrata,CAGL0J00275g,C. albicans,orf19.4078,Cluster11743
C. glabrata,CAGL0B03267g,C. albicans,orf19.3064,Cluster11745
C. albicans,orf19.687.1,C. glabrata,CAGL0M03861g,Cluster11747
C. glabrata,CAGL0M06127g,C. albicans,orf19.3843,Cluster11753
C. glabrata,CAGL0M02937g,C. albicans,orf19.5345,Cluster1178
C. albicans,orf19.1388,C. glabrata,CAGL0J02222g,Cluster11791
C. glabrata,CAGL0E05258g,C. albicans,orf19.5006.1,Cluster1180
C. albicans,orf19.1409,C. glabrata,CAGL0G01342g,Cluster11821
C. glabrata,CAGL0L11550g,C. albicans,orf19.191,Cluster11826
C. albicans,orf19.3049,C. glabrata,CAGL0H01639g,Cluster11827
C. albicans,orf19.2395,C. glabrata,CAGL0G04455g,Cluster11830
C. albicans,orf19.3415,C. glabrata,CAGL0H01837g,Cluster11831
C. albicans,orf19.6198.1,C. glabrata,CAGL0L09779g,Cluster11832
C. glabrata,CAGL0F04125g,C. albicans,orf19.4996,Cluster11833
C. glabrata,CAGL0G01452g,C. albicans,orf19.6264.3,Cluster11838
C. glabrata,CAGL0H09416g,C. albicans,orf19.1669,Cluster11840
C. albicans,orf19.2057,C. glabrata,CAGL0J01353g,Cluster11841
C. albicans,orf19.5227,C. glabrata,CAGL0D03278g,Cluster11852
C. albicans,orf19.898,C. glabrata,CAGL0D06138g,Cluster11864
C. glabrata,CAGL0L03113g,C. albicans,orf19.7228,Cluster11866
C. albicans,orf19.173,C. glabrata,CAGL0I02827g,Cluster11869
C. albicans,orf19.1636,C. glabrata,CAGL0B00858g,Cluster11871
C. albicans,orf19.6318,C. glabrata,CAGL0M09229g,Cluster11874
C. glabrata,CAGL0E02783g,C. albicans,orf19.1474,Cluster11879
C. albicans,orf19.6847,C. glabrata,CAGL0L12408g,Cluster11894
C. glabrata,CAGL0D03146g,C. albicans,orf19.7128,Cluster1190
C. albicans,orf19.7382,C. glabrata,CAGL0L12760g,Cluster11907
C. albicans,orf19.6240,C. glabrata,CAGL0H10516g,Cluster11908
C. albicans,orf19.6008.4,C. glabrata,CAGL0L04048g,Cluster11911
C. albicans,orf19.2884,C. glabrata,CAGL0C03047g,Cluster11912
C. glabrata,CAGL0K06149g,C. albicans,orf19.2329.1,Cluster11915
C. albicans,orf19.3537,C. glabrata,CAGL0L05258g,Cluster11918
C. glabrata,CAGL0L05896g,C. albicans,orf19.4964,Cluster11920
C. glabrata,CAGL0I05786g,C. albicans,orf19.6018,Cluster11929
C. albicans,orf19.1402,C. glabrata,CAGL0L08272g,Cluster1193
C. albicans,orf19.5684,C. glabrata,CAGL0M08338g,Cluster1194
C. albicans,orf19.6399,C. glabrata,CAGL0H06171g,Cluster11948
C. albicans,orf19.2915,C. glabrata,CAGL0H09746g,Cluster11949
C. albicans,orf19.7080,C. glabrata,CAGL0H03795g,Cluster11955
C. glabrata,CAGL0G04653g,C. albicans,orf19.5433,Cluster11956
C. albicans,orf19.2070,C. glabrata,CAGL0A03454g,Cluster11958
C. albicans,orf19.5746,C. glabrata,CAGL0E05390g,Cluster1196
C. glabrata,CAGL0D02904g,C. albicans,orf19.3986,Cluster11968
C. glabrata,CAGL0K02189g,C. albicans,orf19.6286,Cluster11969
C. albicans,orf19.5967,C. glabrata,CAGL0J09130g,Cluster1197
C. albicans,orf19.4019,C. glabrata,CAGL0F04587g,Cluster11970
C. albicans,orf19.5849,C. glabrata,CAGL0M02651g,Cluster11973
C. albicans,orf19.1035,C. glabrata,CAGL0H04367g,Cluster11974
C. glabrata,CAGL0K07634g,C. albicans,orf19.1275,Cluster11976
C. glabrata,CAGL0C02277g,C. albicans,orf19.1150,Cluster11978
C. albicans,orf19.2106,C. glabrata,CAGL0A01001g,Cluster11980
C. glabrata,CAGL0I00902g,C. albicans,orf19.3912,Cluster11982
C. glabrata,CAGL0J00891g,C. albicans,orf19.7650,Cluster11988
C. albicans,orf19.4284,C. glabrata,CAGL0C01177g,Cluster11992
C. glabrata,CAGL0E02321g,C. albicans,orf19.6594,Cluster11993
C. albicans,orf19.496,C. glabrata,CAGL0L13002g,Cluster12000
C. albicans,orf19.6654,C. glabrata,CAGL0F04015g,Cluster12024
C. glabrata,CAGL0F04015g,C. albicans,orf19.6316,Cluster12024
C. albicans,orf19.3615,C. glabrata,CAGL0G09251g,Cluster12026
C. albicans,orf19.6627,C. glabrata,CAGL0M08932g,Cluster12032
C. glabrata,CAGL0I01430g,C. albicans,orf19.3426,Cluster12059
C. albicans,orf19.336,C. glabrata,CAGL0H00660g,Cluster12088
C. glabrata,CAGL0I05060g,C. albicans,orf19.2545,Cluster1210
C. glabrata,CAGL0H05643g,C. albicans,orf19.4660,Cluster12107
C. glabrata,CAGL0M06303g,C. albicans,orf19.4660,Cluster12107
C. glabrata,CAGL0M03707g,C. albicans,orf19.4939,Cluster12112
C. albicans,orf19.3358,C. glabrata,CAGL0I07139g,Cluster12114
C. glabrata,CAGL0D05720g,C. albicans,orf19.1311,Cluster12151
C. glabrata,CAGL0J10120g,C. albicans,orf19.2236,Cluster12152
C. glabrata,CAGL0J03608g,C. albicans,orf19.4853,Cluster12159
C. albicans,orf19.867,C. glabrata,CAGL0K05863g,Cluster12165
C. glabrata,CAGL0M11836g,C. albicans,orf19.275,Cluster12169
C. glabrata,CAGL0K06127g,C. albicans,orf19.2332,Cluster12172
C. albicans,orf19.3008,C. glabrata,CAGL0F05423g,Cluster12175
C. albicans,orf19.5277,C. glabrata,CAGL0K01309g,Cluster12178
C. glabrata,CAGL0J07980g,C. albicans,orf19.2369.1,Cluster12179
C. albicans,orf19.5661,C. glabrata,CAGL0J10692g,Cluster12194
C. albicans,orf19.5869,C. glabrata,CAGL0L02101g,Cluster12196
C. albicans,orf19.6253,C. glabrata,CAGL0L04840g,Cluster12201
C. glabrata,CAGL0K03553g,C. albicans,orf19.6908,Cluster12204
C. glabrata,CAGL0A01023g,C. albicans,orf19.7499,Cluster12206
C. albicans,orf19.5896,C. glabrata,CAGL0K07381g,Cluster12217
C. albicans,orf19.6756,C. glabrata,CAGL0D01760g,Cluster12221
C. glabrata,CAGL0L08624g,C. albicans,orf19.2182,Cluster12222
C. albicans,orf19.4290,C. glabrata,CAGL0A02530g,Cluster12224
C. albicans,orf19.56,C. glabrata,CAGL0H02871g,Cluster12225
C. albicans,orf19.4548,C. glabrata,CAGL0L07898g,Cluster12229
C. albicans,orf19.2754,C. glabrata,CAGL0H09306g,Cluster12231
C. glabrata,CAGL0B01683g,C. albicans,orf19.2746,Cluster12232
C. glabrata,CAGL0J07634g,C. albicans,orf19.4119,Cluster12233
C. albicans,orf19.3673,C. glabrata,CAGL0K11253g,Cluster12241
C. albicans,orf19.238,C. glabrata,CAGL0K08184g,Cluster12242
C. glabrata,CAGL0G04147g,C. albicans,orf19.7419,Cluster12245
C. albicans,orf19.2041,C. glabrata,CAGL0L02189g,Cluster12255
C. glabrata,CAGL0G04917g,C. albicans,orf19.2013,Cluster12256
C. glabrata,CAGL0M11044g,C. albicans,orf19.7186,Cluster12282
C. albicans,orf19.5006,C. glabrata,CAGL0M12188g,Cluster12287
C. glabrata,CAGL0K09790g,C. albicans,orf19.505,Cluster12288
C. glabrata,CAGL0B01463g,C. albicans,orf19.3304,Cluster12293
C. albicans,orf19.4931,C. glabrata,CAGL0J07744g,Cluster12294
C. glabrata,CAGL0I07007g,C. albicans,orf19.1826,Cluster12301
C. albicans,orf19.3211,C. glabrata,CAGL0M03575g,Cluster12302
C. albicans,orf19.6411,C. glabrata,CAGL0H06501g,Cluster12304
C. glabrata,CAGL0M10263g,C. albicans,orf19.7073,Cluster12310
C. albicans,orf19.5420,C. glabrata,CAGL0J11858g,Cluster12330
C. glabrata,CAGL0M00990g,C. albicans,orf19.5938,Cluster12333
C. glabrata,CAGL0D05962g,C. albicans,orf19.392,Cluster12340
C. albicans,orf19.5342.1,C. glabrata,CAGL0D00440g,Cluster12341
C. albicans,orf19.5201,C. glabrata,CAGL0J02838g,Cluster12365
C. glabrata,CAGL0H00572g,C. albicans,orf19.3051,Cluster12375
C. albicans,orf19.1069,C. glabrata,CAGL0K01727g,Cluster12381
C. glabrata,CAGL0F02893g,C. albicans,orf19.2484,Cluster12396
C. albicans,orf19.2857,C. glabrata,CAGL0L08250g,Cluster12398
C. albicans,orf19.713,C. glabrata,CAGL0K03091g,Cluster12399
C. glabrata,CAGL0G05225g,C. albicans,orf19.5030,Cluster12415
C. albicans,orf19.6512,C. glabrata,CAGL0M03113g,Cluster12421
C. albicans,orf19.1083,C. glabrata,CAGL0K03883g,Cluster12425
C. albicans,orf19.2778,C. glabrata,CAGL0L09669g,Cluster12429
C. albicans,orf19.3797,C. glabrata,CAGL0J09724g,Cluster12431
C. albicans,orf19.3695,C. glabrata,CAGL0K09570g,Cluster12432
C. glabrata,CAGL0K05005g,C. albicans,orf19.4442,Cluster12435
C. glabrata,CAGL0L05016g,C. albicans,orf19.314,Cluster12436
C. albicans,orf19.4883,C. glabrata,CAGL0M05445g,Cluster12440
C. albicans,orf19.4518,C. glabrata,CAGL0M02299g,Cluster12457
C. glabrata,CAGL0A02365g,C. albicans,orf19.6068,Cluster12458
C. glabrata,CAGL0K01067g,C. albicans,orf19.2953,Cluster1246
C. albicans,orf19.2951,C. glabrata,CAGL0M00330g,Cluster12470
C. glabrata,CAGL0B04301g,C. albicans,orf19.6275,Cluster12472
C. albicans,orf19.4015,C. glabrata,CAGL0F06677g,Cluster12525
C. glabrata,CAGL0J04004g,C. albicans,orf19.6550,Cluster1257
C. albicans,orf19.6387,C. glabrata,CAGL0G03883g,Cluster1258
C. albicans,orf19.4464,C. glabrata,CAGL0F06435g,Cluster1316
C. albicans,orf19.5229,C. glabrata,CAGL0H04411g,Cluster1317
C. glabrata,CAGL0M07051g,C. albicans,orf19.3624,Cluster1318
C. glabrata,CAGL0M09020g,C. albicans,orf19.3931,Cluster1323
C. albicans,orf19.7466,C. glabrata,CAGL0L10780g,Cluster1324
C. glabrata,CAGL0H05951g,C. albicans,orf19.4600,Cluster1325
C. albicans,orf19.2768,C. glabrata,CAGL0E05148g,Cluster1327
C. glabrata,CAGL0F00253g,C. albicans,orf19.5243,Cluster1333
C. albicans,orf19.6034,C. glabrata,CAGL0K12650g,Cluster1338
C. albicans,orf19.3034,C. glabrata,CAGL0G08041g,Cluster1363
C. glabrata,CAGL0G08294g,C. albicans,orf19.3130,Cluster1364
C. glabrata,CAGL0F06127g,C. albicans,orf19.5553,Cluster137
C. glabrata,CAGL0G00176g,C. albicans,orf19.4579,Cluster1380
C. albicans,orf19.671,C. glabrata,CAGL0B01078g,Cluster1402
C. glabrata,CAGL0F09031g,C. albicans,orf19.3354,Cluster1404
C. albicans,orf19.4107,C. glabrata,CAGL0L08602g,Cluster1406
C. albicans,orf19.2473,C. glabrata,CAGL0B02541g,Cluster1448
C. albicans,orf19.4967,C. glabrata,CAGL0D06578g,Cluster1449
C. glabrata,CAGL0K02497g,C. albicans,orf19.1815,Cluster1450
C. glabrata,CAGL0A02409g,C. albicans,orf19.1658,Cluster1458
C. albicans,orf19.6002,C. glabrata,CAGL0E03938g,Cluster149
C. albicans,orf19.3769,C. glabrata,CAGL0G07997g,Cluster1497
C. glabrata,CAGL0H01661g,C. albicans,orf19.4955,Cluster151
C. albicans,orf19.7433,C. glabrata,CAGL0L04928g,Cluster1521
C. albicans,orf19.7433,C. glabrata,CAGL0F06171g,Cluster1521
C. glabrata,CAGL0I08591g,C. albicans,orf19.3635,Cluster154
C. glabrata,CAGL0F05445g,C. albicans,orf19.5559,Cluster1562
C. albicans,orf19.1738.1,C. glabrata,CAGL0C02849g,Cluster1569
C. albicans,orf19.7154,C. glabrata,CAGL0H02937g,Cluster1570
C. glabrata,CAGL0H10450g,C. albicans,orf19.2899,Cluster1571
C. glabrata,CAGL0F00231g,C. albicans,orf19.4885,Cluster1572
C. glabrata,CAGL0J05852g,C. albicans,orf19.4157,Cluster1574
C. albicans,orf19.6167,C. glabrata,CAGL0G08690g,Cluster1576
C. albicans,orf19.6837,C. glabrata,CAGL0F06919g,Cluster1578
C. glabrata,CAGL0H02409g,C. albicans,orf19.5351,Cluster1588
C. albicans,orf19.6197,C. glabrata,CAGL0I03476g,Cluster163
C. glabrata,CAGL0F03201g,C. albicans,orf19.6377,Cluster1632
C. glabrata,CAGL0B01485g,C. albicans,orf19.3303,Cluster1635
C. albicans,orf19.5991,C. glabrata,CAGL0K01551g,Cluster164
C. albicans,orf19.3756,C. glabrata,CAGL0K02387g,Cluster166
C. glabrata,CAGL0B04213g,C. albicans,orf19.4043,Cluster171
C. albicans,orf19.3774.1,C. glabrata,CAGL0M10912g,Cluster1710
C. glabrata,CAGL0F01683g,C. albicans,orf19.1409.1,Cluster1715
C. glabrata,CAGL0L06864g,C. albicans,orf19.2458,Cluster1720
C. albicans,orf19.6831,C. glabrata,CAGL0K07029g,Cluster173
C. albicans,orf19.4730,C. glabrata,CAGL0G01276g,Cluster1736
C. albicans,orf19.6298,C. glabrata,CAGL0L08976g,Cluster174
C. albicans,orf19.5676,C. glabrata,CAGL0J04796g,Cluster1740
C. glabrata,CAGL0E04620g,C. albicans,orf19.4255,Cluster1750
C. glabrata,CAGL0H04125g,C. albicans,orf19.7551,Cluster1768
C. albicans,orf19.1142,C. glabrata,CAGL0E06468g,Cluster1769
C. glabrata,CAGL0G06622g,C. albicans,orf19.6984,Cluster1770
C. glabrata,CAGL0A03674g,C. albicans,orf19.3539,Cluster1774
C. glabrata,CAGL0G03641g,C. albicans,orf19.1214,Cluster1775
C. glabrata,CAGL0B03971g,C. albicans,orf19.2812,Cluster1777
C. albicans,orf19.7196,C. glabrata,CAGL0E02651g,Cluster1780
C. glabrata,CAGL0F00583g,C. albicans,orf19.71,Cluster1789
C. glabrata,CAGL0F05489g,C. albicans,orf19.4471,Cluster1827
C. glabrata,CAGL0L03960g,C. albicans,orf19.1185,Cluster1828
C. albicans,orf19.3040,C. glabrata,CAGL0M06237g,Cluster1829
C. albicans,orf19.969,C. glabrata,CAGL0D00550g,Cluster1830
C. albicans,orf19.3423,C. glabrata,CAGL0I08393g,Cluster1831
C. albicans,orf19.1158,C. glabrata,CAGL0H07117g,Cluster1835
C. albicans,orf19.5291,C. glabrata,CAGL0I00330g,Cluster1836
C. albicans,orf19.6573,C. glabrata,CAGL0I06512g,Cluster1849
C. glabrata,CAGL0I09218g,C. albicans,orf19.2443,Cluster1851
C. glabrata,CAGL0C05599g,C. albicans,orf19.7489,Cluster1859
C. albicans,orf19.4534,C. glabrata,CAGL0I09482g,Cluster187
C. glabrata,CAGL0J07832g,C. albicans,orf19.585,Cluster1935
C. glabrata,CAGL0K11814g,C. albicans,orf19.2005,Cluster1937
C. glabrata,CAGL0H00957g,C. albicans,orf19.7161,Cluster1960
C. albicans,orf19.7160,C. glabrata,CAGL0H00935g,Cluster1961
C. albicans,orf19.2151,C. glabrata,CAGL0L04466g,Cluster1964
C. glabrata,CAGL0J04048g,C. albicans,orf19.6548,Cluster1965
C. albicans,orf19.1946,C. glabrata,CAGL0K03289g,Cluster1966
C. albicans,orf19.5069,C. glabrata,CAGL0F03261g,Cluster1969
C. glabrata,CAGL0K07766g,C. albicans,orf19.2969,Cluster1973
C. albicans,orf19.4443,C. glabrata,CAGL0K04961g,Cluster1974
C. glabrata,CAGL0I08569g,C. albicans,orf19.4440,Cluster1975
C. glabrata,CAGL0I04224g,C. albicans,orf19.5004,Cluster1976
C. albicans,orf19.5367,C. glabrata,CAGL0M01958g,Cluster1979
C. glabrata,CAGL0F02513g,C. albicans,orf19.3181.1,Cluster1993
C. glabrata,CAGL0G08217g,C. albicans,orf19.4466,Cluster1995
C. glabrata,CAGL0M13783g,C. albicans,orf19.1777,Cluster1996
C. albicans,orf19.6296,C. glabrata,CAGL0L09020g,Cluster2027
C. glabrata,CAGL0G03069g,C. albicans,orf19.3666,Cluster2057
C. albicans,orf19.6904,C. glabrata,CAGL0L03003g,Cluster2058
C. glabrata,CAGL0J11352g,C. albicans,orf19.3370,Cluster2075
C. albicans,orf19.2893,C. glabrata,CAGL0F02915g,Cluster2077
C. glabrata,CAGL0E04972g,C. albicans,orf19.4003,Cluster2079
C. glabrata,CAGL0G01298g,C. albicans,orf19.4731,Cluster2080
C. glabrata,CAGL0I07271g,C. albicans,orf19.3344,Cluster2081
C. albicans,orf19.3568,C. glabrata,CAGL0D00594g,Cluster2108
C. albicans,orf19.6551,C. glabrata,CAGL0E03872g,Cluster2109
C. albicans,orf19.4371,C. glabrata,CAGL0K04235g,Cluster2112
C. glabrata,CAGL0M04609g,C. albicans,orf19.2250,Cluster2115
C. glabrata,CAGL0D05258g,C. albicans,orf19.3623,Cluster2120
C. glabrata,CAGL0K00473g,C. albicans,orf19.7153,Cluster2166
C. albicans,orf19.3099,C. glabrata,CAGL0A02574g,Cluster2167
C. albicans,orf19.988,C. glabrata,CAGL0E02981g,Cluster2188
C. albicans,orf19.2110,C. glabrata,CAGL0A00319g,Cluster2190
C. glabrata,CAGL0E05940g,C. albicans,orf19.2501,Cluster2220
C. albicans,orf19.2501,C. glabrata,CAGL0H08888g,Cluster2220
C. glabrata,CAGL0K03179g,C. albicans,orf19.1991,Cluster2222
C. albicans,orf19.596.2,C. glabrata,CAGL0H07073g,Cluster2224
C. albicans,orf19.7215.3,C. glabrata,CAGL0H08283g,Cluster2226
C. glabrata,CAGL0J05214g,C. albicans,orf19.5765,Cluster2228
C. glabrata,CAGL0J04246g,C. albicans,orf19.5614,Cluster2235
C. glabrata,CAGL0I01628g,C. albicans,orf19.5880,Cluster2236
C. glabrata,CAGL0H06193g,C. albicans,orf19.6291,Cluster2276
C. glabrata,CAGL0K12518g,C. albicans,orf19.1078,Cluster2277
C. glabrata,CAGL0D04840g,C. albicans,orf19.6247.1,Cluster2298
C. glabrata,CAGL0D04834g,C. albicans,orf19.6247.1,Cluster2298
C. glabrata,CAGL0M11594g,C. albicans,orf19.2735,Cluster2348
C. albicans,orf19.7626,C. glabrata,CAGL0E01463g,Cluster2350
C. albicans,orf19.4406,C. glabrata,CAGL0I06963g,Cluster2356
C. albicans,orf19.3839,C. glabrata,CAGL0E01793g,Cluster2362
C. glabrata,CAGL0L05566g,C. albicans,orf19.7291,Cluster2365
C. glabrata,CAGL0M08888g,C. albicans,orf19.1927,Cluster2366
C. glabrata,CAGL0M06083g,C. albicans,orf19.2435,Cluster2373
C. glabrata,CAGL0G07909g,C. albicans,orf19.2437,Cluster2374
C. albicans,orf19.4587,C. glabrata,CAGL0D05500g,Cluster2377
C. albicans,orf19.2305,C. glabrata,CAGL0L02387g,Cluster2388
C. glabrata,CAGL0M10956g,C. albicans,orf19.1355,Cluster2402
C. albicans,orf19.2267,C. glabrata,CAGL0M03993g,Cluster2403
C. glabrata,CAGL0L09889g,C. albicans,orf19.4010,Cluster2405
C. albicans,orf19.5585,C. glabrata,CAGL0E01419g,Cluster2408
C. glabrata,CAGL0G07931g,C. albicans,orf19.2438,Cluster2412
C. albicans,orf19.4542,C. glabrata,CAGL0K05115g,Cluster2421
C. glabrata,CAGL0E02189g,C. albicans,orf19.1955,Cluster2425
C. albicans,orf19.3259,C. glabrata,CAGL0F06721g,Cluster2427
C. albicans,orf19.4835,C. glabrata,CAGL0J03344g,Cluster2430
C. albicans,orf19.6701,C. glabrata,CAGL0A02090g,Cluster2448
C. glabrata,CAGL0J07458g,C. albicans,orf19.1026,Cluster2449
C. glabrata,CAGL0J06160g,C. albicans,orf19.7450,Cluster2451
C. glabrata,CAGL0J04422g,C. albicans,orf19.522,Cluster2453
C. albicans,orf19.5188,C. glabrata,CAGL0J11506g,Cluster2471
C. albicans,orf19.5455,C. glabrata,CAGL0M12705g,Cluster2474
C. albicans,orf19.1833,C. glabrata,CAGL0H03685g,Cluster2476
C. albicans,orf19.5038,C. glabrata,CAGL0H10406g,Cluster2477
C. albicans,orf19.5209,C. glabrata,CAGL0G01496g,Cluster2478
C. glabrata,CAGL0M04697g,C. albicans,orf19.2363,Cluster2501
C. glabrata,CAGL0F08503g,C. albicans,orf19.3957,Cluster2532
C. glabrata,CAGL0H07227g,C. albicans,orf19.1300,Cluster2543
C. glabrata,CAGL0M11704g,C. albicans,orf19.6470,Cluster2579
C. albicans,orf19.3054,C. glabrata,CAGL0I08239g,Cluster2580
C. glabrata,CAGL0I05918g,C. albicans,orf19.150,Cluster2581
C. glabrata,CAGL0M11660g,C. albicans,orf19.5437,Cluster2583
C. glabrata,CAGL0D04092g,C. albicans,orf19.3392,Cluster2584
C. glabrata,CAGL0M12925g,C. albicans,orf19.3392,Cluster2584
C. albicans,orf19.3392,C. glabrata,CAGL0I05874g,Cluster2584
C. albicans,orf19.4411,C. glabrata,CAGL0D01430g,Cluster2610
C. glabrata,CAGL0F01507g,C. albicans,orf19.5867,Cluster2612
C. glabrata,CAGL0D02794g,C. albicans,orf19.5537,Cluster2613
C. glabrata,CAGL0K05709g,C. albicans,orf19.663,Cluster262
C. albicans,orf19.3031,C. glabrata,CAGL0H05731g,Cluster2639
C. glabrata,CAGL0H06457g,C. albicans,orf19.5561,Cluster2640
C. albicans,orf19.2580,C. glabrata,CAGL0L08668g,Cluster2642
C. glabrata,CAGL0I01606g,C. albicans,orf19.5884,Cluster2648
C. glabrata,CAGL0K11341g,C. albicans,orf19.6461,Cluster2651
C. glabrata,CAGL0D01650g,C. albicans,orf19.4194,Cluster2653
C. glabrata,CAGL0F07469g,C. albicans,orf19.7459,Cluster2664
C. albicans,orf19.7459,C. glabrata,CAGL0K07007g,Cluster2664
C. albicans,orf19.2439,C. glabrata,CAGL0J04664g,Cluster2667
C. albicans,orf19.819,C. glabrata,CAGL0J04664g,Cluster2667
C. albicans,orf19.7367,C. glabrata,CAGL0H10582g,Cluster2668
C. albicans,orf19.3959,C. glabrata,CAGL0H01287g,Cluster267
C. albicans,orf19.2412,C. glabrata,CAGL0I01518g,Cluster269
C. glabrata,CAGL0K04477g,C. albicans,orf19.3732,Cluster272
C. glabrata,CAGL0K08074g,C. albicans,orf19.2230,Cluster273
C. glabrata,CAGL0B03575g,C. albicans,orf19.2146,Cluster2761
C. albicans,orf19.2423,C. glabrata,CAGL0K06985g,Cluster2774
C. glabrata,CAGL0G04587g,C. albicans,orf19.7631,Cluster2777
C. albicans,orf19.2444,C. glabrata,CAGL0G05918g,Cluster2779
C. glabrata,CAGL0F03795g,C. albicans,orf19.7449,Cluster2801
C. glabrata,CAGL0H07953g,C. albicans,orf19.7183,Cluster2804
C. albicans,orf19.6913,C. glabrata,CAGL0H01199g,Cluster2806
C. albicans,orf19.4192,C. glabrata,CAGL0I09064g,Cluster2808
C. glabrata,CAGL0K01617g,C. albicans,orf19.7293,Cluster2809
C. albicans,orf19.3476,C. glabrata,CAGL0H03553g,Cluster2811
C. glabrata,CAGL0I08899g,C. albicans,orf19.2678,Cluster2812
C. glabrata,CAGL0H10296g,C. albicans,orf19.4001,Cluster2813
C. glabrata,CAGL0H04521g,C. albicans,orf19.3415.1,Cluster2814
C. glabrata,CAGL0L09713g,C. albicans,orf19.2785,Cluster2819
C. albicans,orf19.3396,C. glabrata,CAGL0I02992g,Cluster2835
C. glabrata,CAGL0J00781g,C. albicans,orf19.900,Cluster2837
C. albicans,orf19.2675,C. glabrata,CAGL0M13475g,Cluster2840
C. glabrata,CAGL0G05203g,C. albicans,orf19.7206,Cluster2845
C. albicans,orf19.2630,C. glabrata,CAGL0D00902g,Cluster2846
C. glabrata,CAGL0G07381g,C. albicans,orf19.4208,Cluster2847
C. albicans,orf19.6382,C. glabrata,CAGL0E03982g,Cluster286
C. glabrata,CAGL0E03355g,C. albicans,orf19.6478,Cluster287
C. albicans,orf19.7021,C. glabrata,CAGL0F04895g,Cluster2874
C. glabrata,CAGL0H09636g,C. albicans,orf19.4894,Cluster2878
C. glabrata,CAGL0B00660g,C. albicans,orf19.4131,Cluster2880
C. albicans,orf19.2318.1,C. glabrata,CAGL0A02794g,Cluster2881
C. glabrata,CAGL0M00814g,C. albicans,orf19.3002,Cluster2883
C. glabrata,CAGL0D03014g,C. albicans,orf19.6099,Cluster2887
C. glabrata,CAGL0J01529g,C. albicans,orf19.6506,Cluster2903
C. albicans,orf19.1221,C. glabrata,CAGL0M05731g,Cluster2906
C. albicans,orf19.3589,C. glabrata,CAGL0C02783g,Cluster2910
C. glabrata,CAGL0G00242g,C. albicans,orf19.1783,Cluster292
C. albicans,orf19.6848,C. glabrata,CAGL0L12694g,Cluster295
C. albicans,orf19.2107.1,C. glabrata,CAGL0F08745g,Cluster2955
C. albicans,orf19.1675,C. glabrata,CAGL0J09196g,Cluster2960
C. albicans,orf19.7483,C. glabrata,CAGL0B02189g,Cluster2986
C. glabrata,CAGL0L02651g,C. albicans,orf19.5851,Cluster3044
C. albicans,orf19.4577,C. glabrata,CAGL0L00627g,Cluster3050
C. albicans,orf19.4099,C. glabrata,CAGL0M00374g,Cluster3051
C. albicans,orf19.2361,C. glabrata,CAGL0L05610g,Cluster3082
C. albicans,orf19.3545,C. glabrata,CAGL0C05005g,Cluster3085
C. glabrata,CAGL0M13541g,C. albicans,orf19.5911,Cluster3089
C. glabrata,CAGL0D02244g,C. albicans,orf19.1874,Cluster3090
C. albicans,orf19.4193.1,C. glabrata,CAGL0G05027g,Cluster310
C. albicans,orf19.1974,C. glabrata,CAGL0B01100g,Cluster311
C. albicans,orf19.6656,C. glabrata,CAGL0I08613g,Cluster3124
C. albicans,orf19.6958,C. glabrata,CAGL0M11462g,Cluster3160
C. glabrata,CAGL0L04686g,C. albicans,orf19.4210,Cluster3162
C. albicans,orf19.1376,C. glabrata,CAGL0L00561g,Cluster3166
C. glabrata,CAGL0L09295g,C. albicans,orf19.776,Cluster3215
C. albicans,orf19.2652,C. glabrata,CAGL0L05148g,Cluster3216
C. glabrata,CAGL0G09262g,C. albicans,orf19.2511.2,Cluster3230
C. albicans,orf19.443,C. glabrata,CAGL0J00869g,Cluster3233
C. albicans,orf19.155,C. glabrata,CAGL0J07392g,Cluster3234
C. albicans,orf19.4433,C. glabrata,CAGL0H02145g,Cluster3235
C. glabrata,CAGL0I09592g,C. albicans,orf19.4630,Cluster3237
C. albicans,orf19.6000,C. glabrata,CAGL0M07293g,Cluster3239
C. albicans,orf19.5079,C. glabrata,CAGL0F02717g,Cluster3241
C. glabrata,CAGL0L07744g,C. albicans,orf19.459,Cluster3243
C. albicans,orf19.3260,C. glabrata,CAGL0L05302g,Cluster325
C. albicans,orf19.3061.1,C. glabrata,CAGL0K04587g,Cluster326
C. glabrata,CAGL0K04587g,C. albicans,orf19.6265,Cluster326
C. albicans,orf19.6559,C. glabrata,CAGL0B04587g,Cluster3295
C. albicans,orf19.6437,C. glabrata,CAGL0I02288g,Cluster3298
C. albicans,orf19.886,C. glabrata,CAGL0J01892g,Cluster3299
C. albicans,orf19.864,C. glabrata,CAGL0J10670g,Cluster3301
C. glabrata,CAGL0I10560g,C. albicans,orf19.5436,Cluster3302
C. glabrata,CAGL0D01364g,C. albicans,orf19.6798,Cluster331
C. albicans,orf19.1387,C. glabrata,CAGL0J02112g,Cluster3317
C. glabrata,CAGL0E02739g,C. albicans,orf19.5823,Cluster332
C. glabrata,CAGL0K09416g,C. albicans,orf19.4634,Cluster3322
C. glabrata,CAGL0D02618g,C. albicans,orf19.1089,Cluster3323
C. albicans,orf19.7156,C. glabrata,CAGL0H09460g,Cluster3324
C. glabrata,CAGL0L06028g,C. albicans,orf19.6393,Cluster3325
C. glabrata,CAGL0H07381g,C. albicans,orf19.4875,Cluster3327
C. albicans,orf19.3080,C. glabrata,CAGL0F05797g,Cluster3331
C. albicans,orf19.1483,C. glabrata,CAGL0D02046g,Cluster3335
C. glabrata,CAGL0C03369g,C. albicans,orf19.5732,Cluster3336
C. albicans,orf19.7349,C. glabrata,CAGL0A04411g,Cluster3338
C. albicans,orf19.2749,C. glabrata,CAGL0M11682g,Cluster336
C. glabrata,CAGL0H05445g,C. albicans,orf19.3888,Cluster3375
C. glabrata,CAGL0K01881g,C. albicans,orf19.1542,Cluster3379
C. glabrata,CAGL0H07579g,C. albicans,orf19.542,Cluster3381
C. albicans,orf19.6003,C. glabrata,CAGL0C00407g,Cluster3383
C. albicans,orf19.5388,C. glabrata,CAGL0G00704g,Cluster3414
C. albicans,orf19.6358,C. glabrata,CAGL0H03157g,Cluster3448
C. glabrata,CAGL0C03960g,C. albicans,orf19.753,Cluster3452
C. glabrata,CAGL0I04532g,C. albicans,orf19.1995,Cluster3453
C. albicans,orf19.6996,C. glabrata,CAGL0B03014g,Cluster3457
C. glabrata,CAGL0A03234g,C. albicans,orf19.5788,Cluster3481
C. glabrata,CAGL0M12232g,C. albicans,orf19.6585,Cluster3485
C. albicans,orf19.242.2,C. glabrata,CAGL0M05593g,Cluster3488
C. glabrata,CAGL0I04840g,C. albicans,orf19.4937,Cluster3489
C. glabrata,CAGL0E02497g,C. albicans,orf19.6581,Cluster3524
C. albicans,orf19.7089,C. glabrata,CAGL0I04312g,Cluster3561
C. glabrata,CAGL0G08338g,C. albicans,orf19.1823,Cluster3596
C. glabrata,CAGL0I05324g,C. albicans,orf19.3730,Cluster3597
C. glabrata,CAGL0A01672g,C. albicans,orf19.117,Cluster3603
C. glabrata,CAGL0B03443g,C. albicans,orf19.4144,Cluster3612
C. albicans,orf19.5639,C. glabrata,CAGL0B00902g,Cluster3622
C. albicans,orf19.6915,C. glabrata,CAGL0M11220g,Cluster3623
C. glabrata,CAGL0C01815g,C. albicans,orf19.6457,Cluster3628
C. albicans,orf19.836.1,C. glabrata,CAGL0D02150g,Cluster3685
C. albicans,orf19.3523,C. glabrata,CAGL0I08349g,Cluster3701
C. albicans,orf19.1619,C. glabrata,CAGL0D02002g,Cluster3702
C. albicans,orf19.4866,C. glabrata,CAGL0G01320g,Cluster3706
C. glabrata,CAGL0L12474g,C. albicans,orf19.6846,Cluster3707
C. albicans,orf19.4088,C. glabrata,CAGL0I00924g,Cluster3711
C. albicans,orf19.6629,C. glabrata,CAGL0E06556g,Cluster3712
C. glabrata,CAGL0F02167g,C. albicans,orf19.2579,Cluster3714
C. albicans,orf19.6702,C. glabrata,CAGL0A02112g,Cluster3715
C. albicans,orf19.4032,C. glabrata,CAGL0I03674g,Cluster3717
C. glabrata,CAGL0M11924g,C. albicans,orf19.1367,Cluster3720
C. albicans,orf19.6193,C. glabrata,CAGL0G00418g,Cluster3730
C. albicans,orf19.5457,C. glabrata,CAGL0L01705g,Cluster3731
C. glabrata,CAGL0M07513g,C. albicans,orf19.5064,Cluster3733
C. glabrata,CAGL0E06116g,C. albicans,orf19.3928,Cluster3749
C. glabrata,CAGL0K12430g,C. albicans,orf19.696,Cluster3752
C. glabrata,CAGL0D00352g,C. albicans,orf19.5255,Cluster3756
C. glabrata,CAGL0I00484g,C. albicans,orf19.2990,Cluster3758
C. glabrata,CAGL0G09515g,C. albicans,orf19.2990,Cluster3758
C. albicans,orf19.3443,C. glabrata,CAGL0I02574g,Cluster3762
C. glabrata,CAGL0H05863g,C. albicans,orf19.3759,Cluster3766
C. albicans,orf19.2009,C. glabrata,CAGL0M07469g,Cluster3801
C. glabrata,CAGL0I08481g,C. albicans,orf19.4023,Cluster3830
C. albicans,orf19.6254,C. glabrata,CAGL0D04774g,Cluster3835
C. albicans,orf19.7422,C. glabrata,CAGL0K02211g,Cluster3839
C. glabrata,CAGL0L10868g,C. albicans,orf19.4811,Cluster3847
C. albicans,orf19.549,C. glabrata,CAGL0G06776g,Cluster3852
C. albicans,orf19.4560,C. glabrata,CAGL0I10967g,Cluster3853
C. glabrata,CAGL0J02948g,C. albicans,orf19.1357,Cluster3870
C. glabrata,CAGL0C00231g,C. albicans,orf19.1357,Cluster3870
C. glabrata,CAGL0L00671g,C. albicans,orf19.1357,Cluster3870
C. albicans,orf19.4777,C. glabrata,CAGL0L11374g,Cluster3873
C. glabrata,CAGL0M09614g,C. albicans,orf19.1546,Cluster3897
C. albicans,orf19.5413,C. glabrata,CAGL0M02277g,Cluster3921
C. glabrata,CAGL0D05588g,C. albicans,orf19.5407,Cluster3922
C. glabrata,CAGL0H05357g,C. albicans,orf19.7558,Cluster3924
C. albicans,orf19.6056,C. glabrata,CAGL0L11088g,Cluster3967
C. albicans,orf19.4167,C. glabrata,CAGL0H05973g,Cluster3971
C. albicans,orf19.3314,C. glabrata,CAGL0D05346g,Cluster3972
C. albicans,orf19.5221,C. glabrata,CAGL0I07953g,Cluster3973
C. glabrata,CAGL0C04367g,C. albicans,orf19.7436.1,Cluster3974
C. glabrata,CAGL0L01221g,C. albicans,orf19.985,Cluster3975
C. glabrata,CAGL0M06523g,C. albicans,orf19.840,Cluster4017
C. glabrata,CAGL0K03773g,C. albicans,orf19.2087,Cluster4020
C. glabrata,CAGL0B00418g,C. albicans,orf19.434,Cluster4032
C. glabrata,CAGL0K02167g,C. albicans,orf19.3840,Cluster4034
C. albicans,orf19.7652,C. glabrata,CAGL0I05192g,Cluster4039
C. albicans,orf19.665,C. glabrata,CAGL0B00220g,Cluster4057
C. albicans,orf19.843,C. glabrata,CAGL0B02761g,Cluster4058
C. glabrata,CAGL0C02013g,C. albicans,orf19.5052,Cluster4060
C. glabrata,CAGL0H00616g,C. albicans,orf19.307,Cluster4123
C. glabrata,CAGL0H09020g,C. albicans,orf19.5510,Cluster4125
C. albicans,orf19.2334,C. glabrata,CAGL0L11528g,Cluster4135
C. albicans,orf19.4907,C. glabrata,CAGL0K09218g,Cluster4136
C. albicans,orf19.4184,C. glabrata,CAGL0F08063g,Cluster4138
C. glabrata,CAGL0I09438g,C. albicans,orf19.5808,Cluster4141
C. albicans,orf19.4160,C. glabrata,CAGL0L07392g,Cluster4144
C. albicans,orf19.1864,C. glabrata,CAGL0M01232g,Cluster4147
C. albicans,orf19.1036,C. glabrata,CAGL0M00528g,Cluster416
C. glabrata,CAGL0H07271g,C. albicans,orf19.1439,Cluster4163
C. glabrata,CAGL0L05588g,C. albicans,orf19.7279,Cluster4166
C. albicans,orf19.838.1,C. glabrata,CAGL0M06501g,Cluster4167
C. glabrata,CAGL0D00858g,C. albicans,orf19.6415.1,Cluster4173
C. glabrata,CAGL0G03971g,C. albicans,orf19.2095,Cluster4174
C. albicans,orf19.7667,C. glabrata,CAGL0K10296g,Cluster4178
C. glabrata,CAGL0G07711g,C. albicans,orf19.4396,Cluster418
C. albicans,orf19.5058,C. glabrata,CAGL0L06534g,Cluster4180
C. albicans,orf19.6972,C. glabrata,CAGL0L06534g,Cluster4180
C. albicans,orf19.2183,C. glabrata,CAGL0C02343g,Cluster4193
C. albicans,orf19.5959,C. glabrata,CAGL0J08844g,Cluster4195
C. albicans,orf19.4222,C. glabrata,CAGL0H00374g,Cluster4198
C. glabrata,CAGL0M04895g,C. albicans,orf19.4403,Cluster420
C. albicans,orf19.4681,C. glabrata,CAGL0L10120g,Cluster4200
C. glabrata,CAGL0J09350g,C. albicans,orf19.2340,Cluster4239
C. glabrata,CAGL0C03421g,C. albicans,orf19.1086,Cluster424
C. glabrata,CAGL0H09174g,C. albicans,orf19.6460,Cluster4240
C. albicans,orf19.2859,C. glabrata,CAGL0G02409g,Cluster4241
C. glabrata,CAGL0H09658g,C. albicans,orf19.4879.2,Cluster4245
C. albicans,orf19.7102,C. glabrata,CAGL0K05819g,Cluster4252
C. glabrata,CAGL0M13519g,C. albicans,orf19.3962,Cluster4273
C. glabrata,CAGL0G06952g,C. albicans,orf19.3363,Cluster4274
C. albicans,orf19.7635,C. glabrata,CAGL0D03124g,Cluster4275
C. glabrata,CAGL0H03377g,C. albicans,orf19.4870,Cluster4276
C. glabrata,CAGL0I02354g,C. albicans,orf19.6652,Cluster4277
C. albicans,orf19.2488,C. glabrata,CAGL0M06567g,Cluster4279
C. albicans,orf19.7546,C. glabrata,CAGL0J10912g,Cluster4280
C. glabrata,CAGL0D01496g,C. albicans,orf19.6811,Cluster4286
C. albicans,orf19.6803,C. glabrata,CAGL0H00847g,Cluster4288
C. albicans,orf19.1941,C. glabrata,CAGL0J11572g,Cluster4289
C. albicans,orf19.637,C. glabrata,CAGL0E03850g,Cluster4293
C. albicans,orf19.6058,C. glabrata,CAGL0L07656g,Cluster4294
C. albicans,orf19.2304,C. glabrata,CAGL0L08492g,Cluster4295
C. albicans,orf19.4626,C. glabrata,CAGL0M07425g,Cluster4297
C. glabrata,CAGL0H01331g,C. albicans,orf19.6952,Cluster4299
C. albicans,orf19.5541,C. glabrata,CAGL0C01419g,Cluster4321
C. albicans,orf19.2289,C. glabrata,CAGL0F00517g,Cluster4324
C. albicans,orf19.6562,C. glabrata,CAGL0J10208g,Cluster4359
C. albicans,orf19.5224,C. glabrata,CAGL0G04609g,Cluster436
C. glabrata,CAGL0K06699g,C. albicans,orf19.5118,Cluster4369
C. albicans,orf19.2794,C. glabrata,CAGL0F04367g,Cluster4374
C. albicans,orf19.1650,C. glabrata,CAGL0L10015g,Cluster4379
C. albicans,orf19.1650,C. glabrata,CAGL0L09999g,Cluster4379
C. albicans,orf19.6040,C. glabrata,CAGL0D01936g,Cluster4472
C. albicans,orf19.2597,C. glabrata,CAGL0E05368g,Cluster4473
C. albicans,orf19.2020,C. glabrata,CAGL0A00737g,Cluster4476
C. albicans,orf19.2020,C. glabrata,CAGL0A02233g,Cluster4476
C. glabrata,CAGL0J09658g,C. albicans,orf19.4372,Cluster4479
C. albicans,orf19.4981,C. glabrata,CAGL0C04961g,Cluster4480
C. albicans,orf19.5507,C. glabrata,CAGL0C01639g,Cluster4497
C. albicans,orf19.215,C. glabrata,CAGL0F06655g,Cluster4519
C. glabrata,CAGL0C03003g,C. albicans,orf19.2256,Cluster4520
C. glabrata,CAGL0B00924g,C. albicans,orf19.6170,Cluster4521
C. albicans,orf19.486,C. glabrata,CAGL0F03619g,Cluster4522
C. albicans,orf19.4545,C. glabrata,CAGL0A04565g,Cluster4526
C. albicans,orf19.5961,C. glabrata,CAGL0L06600g,Cluster4527
C. albicans,orf19.6396,C. glabrata,CAGL0L11154g,Cluster4544
C. glabrata,CAGL0M12122g,C. albicans,orf19.5083,Cluster4546
C. albicans,orf19.3226,C. glabrata,CAGL0K01353g,Cluster4550
C. glabrata,CAGL0F07315g,C. albicans,orf19.5768,Cluster4569
C. albicans,orf19.6903,C. glabrata,CAGL0L03025g,Cluster4570
C. albicans,orf19.7355,C. glabrata,CAGL0M06875g,Cluster4572
C. albicans,orf19.7611,C. glabrata,CAGL0K00803g,Cluster4595
C. glabrata,CAGL0M12408g,C. albicans,orf19.6220.4,Cluster460
C. albicans,orf19.5986,C. glabrata,CAGL0M01166g,Cluster4603
C. albicans,orf19.4760,C. glabrata,CAGL0C01331g,Cluster4606
C. albicans,orf19.5818,C. glabrata,CAGL0H01375g,Cluster4609
C. albicans,orf19.3939,C. glabrata,CAGL0M09185g,Cluster4611
C. albicans,orf19.6511,C. glabrata,CAGL0M03091g,Cluster4612
C. glabrata,CAGL0K09438g,C. albicans,orf19.7621,Cluster4614
C. glabrata,CAGL0F07073g,C. albicans,orf19.3334,Cluster4616
C. glabrata,CAGL0L04026g,C. albicans,orf19.4399,Cluster462
C. glabrata,CAGL0M08008g,C. albicans,orf19.5395,Cluster463
C. albicans,orf19.1229,C. glabrata,CAGL0H07821g,Cluster4630
C. glabrata,CAGL0B00968g,C. albicans,orf19.1156,Cluster4637
C. glabrata,CAGL0G03091g,C. albicans,orf19.1295,Cluster4638
C. albicans,orf19.6347,C. glabrata,CAGL0A02772g,Cluster4682
C. albicans,orf19.6109,C. glabrata,CAGL0C03608g,Cluster4684
C. glabrata,CAGL0L06578g,C. albicans,orf19.5954,Cluster4688
C. glabrata,CAGL0I06743g,C. albicans,orf19.7231,Cluster4703
C. glabrata,CAGL0I06743g,C. albicans,orf19.7219,Cluster4703
C. albicans,orf19.2939,C. glabrata,CAGL0K12870g,Cluster4707
C. glabrata,CAGL0L08822g,C. albicans,orf19.2582,Cluster4710
C. glabrata,CAGL0G09218g,C. albicans,orf19.259,Cluster4712
C. glabrata,CAGL0K00693g,C. albicans,orf19.4867,Cluster4714
C. albicans,orf19.3350,C. glabrata,CAGL0F02695g,Cluster4717
C. albicans,orf19.5408,C. glabrata,CAGL0C02893g,Cluster4722
C. glabrata,CAGL0G08250g,C. albicans,orf19.3124,Cluster4725
C. glabrata,CAGL0F01595g,C. albicans,orf19.4930,Cluster4728
C. albicans,orf19.5027,C. glabrata,CAGL0G05071g,Cluster4731
C. albicans,orf19.669,C. glabrata,CAGL0J08371g,Cluster4737
C. glabrata,CAGL0L07106g,C. albicans,orf19.5046,Cluster4739
C. albicans,orf19.5155,C. glabrata,CAGL0L03608g,Cluster4741
C. albicans,orf19.4991,C. glabrata,CAGL0L05962g,Cluster4743
C. glabrata,CAGL0L02937g,C. albicans,orf19.183,Cluster4745
C. albicans,orf19.7509.1,C. glabrata,CAGL0A03036g,Cluster475
C. albicans,orf19.7059,C. glabrata,CAGL0L04488g,Cluster477
C. glabrata,CAGL0C05423g,C. albicans,orf19.6365,Cluster4773
C. albicans,orf19.3128,C. glabrata,CAGL0F05665g,Cluster4781
C. albicans,orf19.1773,C. glabrata,CAGL0K04917g,Cluster4782
C. glabrata,CAGL0M03641g,C. albicans,orf19.578,Cluster4783
C. albicans,orf19.3185,C. glabrata,CAGL0C05313g,Cluster480
C. albicans,orf19.1153,C. glabrata,CAGL0H02585g,Cluster481
C. glabrata,CAGL0E04400g,C. albicans,orf19.1201,Cluster4817
C. glabrata,CAGL0K12034g,C. albicans,orf19.5170,Cluster4819
C. glabrata,CAGL0G00594g,C. albicans,orf19.2909,Cluster4831
C. albicans,orf19.7501,C. glabrata,CAGL0M05973g,Cluster484
C. glabrata,CAGL0M05181g,C. albicans,orf19.7581,Cluster4879
C. glabrata,CAGL0G02189g,C. albicans,orf19.3810,Cluster4882
C. albicans,orf19.3557,C. glabrata,CAGL0J10604g,Cluster4884
C. albicans,orf19.3553,C. glabrata,CAGL0L10516g,Cluster49
C. glabrata,CAGL0D03850g,C. albicans,orf19.4767,Cluster498
C. glabrata,CAGL0H03861g,C. albicans,orf19.7076,Cluster5
C. albicans,orf19.4628,C. glabrata,CAGL0I05456g,Cluster50
C. albicans,orf19.24,C. glabrata,CAGL0L10142g,Cluster5019
C. albicans,orf19.1136,C. glabrata,CAGL0B04961g,Cluster5024
C. albicans,orf19.1012,C. glabrata,CAGL0B04983g,Cluster5025
C. albicans,orf19.3540,C. glabrata,CAGL0A03652g,Cluster5039
C. albicans,orf19.974,C. glabrata,CAGL0K06963g,Cluster5046
C. glabrata,CAGL0M05599g,C. albicans,orf19.1690,Cluster5061
C. glabrata,CAGL0M11506g,C. albicans,orf19.3240,Cluster5063
C. glabrata,CAGL0D00572g,C. albicans,orf19.1567,Cluster5065
C. glabrata,CAGL0C01837g,C. albicans,orf19.7202,Cluster5114
C. albicans,orf19.1267,C. glabrata,CAGL0L00957g,Cluster5135
C. albicans,orf19.1267,C. glabrata,CAGL0J02750g,Cluster5135
C. glabrata,CAGL0D05874g,C. albicans,orf19.1915,Cluster5138
C. albicans,orf19.4161,C. glabrata,CAGL0L07414g,Cluster5140
C. albicans,orf19.954,C. glabrata,CAGL0L12276g,Cluster5143
C. glabrata,CAGL0M11104g,C. albicans,orf19.6828.1,Cluster5176
C. glabrata,CAGL0B02673g,C. albicans,orf19.6851,Cluster5178
C. glabrata,CAGL0H03223g,C. albicans,orf19.4985,Cluster5179
C. glabrata,CAGL0L08110g,C. albicans,orf19.6264.4,Cluster5180
C. glabrata,CAGL0G10109g,C. albicans,orf19.2847,Cluster5181
C. glabrata,CAGL0G02563g,C. albicans,orf19.3815,Cluster52
C. glabrata,CAGL0L08052g,C. albicans,orf19.5535,Cluster5205
C. albicans,orf19.1427,C. glabrata,CAGL0G04081g,Cluster5207
C. albicans,orf19.3213,C. glabrata,CAGL0H08261g,Cluster5211
C. albicans,orf19.5095,C. glabrata,CAGL0K01749g,Cluster523
C. glabrata,CAGL0H10076g,C. albicans,orf19.3664,Cluster5237
C. glabrata,CAGL0K11880g,C. albicans,orf19.3664,Cluster5237
C. albicans,orf19.1674,C. glabrata,CAGL0J09218g,Cluster5239
C. albicans,orf19.2967,C. glabrata,CAGL0L06952g,Cluster524
C. glabrata,CAGL0M03619g,C. albicans,orf19.1954,Cluster5241
C. glabrata,CAGL0F01793g,C. albicans,orf19.767,Cluster5242
C. albicans,orf19.4109,C. glabrata,CAGL0M00220g,Cluster5245
C. albicans,orf19.6234,C. glabrata,CAGL0J11286g,Cluster526
C. glabrata,CAGL0K09284g,C. albicans,orf19.3276,Cluster527
C. albicans,orf19.3252,C. glabrata,CAGL0F06743g,Cluster5284
C. albicans,orf19.5506,C. glabrata,CAGL0A01177g,Cluster5294
C. glabrata,CAGL0I02332g,C. albicans,orf19.6653,Cluster53
C. glabrata,CAGL0A00275g,C. albicans,orf19.2102,Cluster5316
C. glabrata,CAGL0M07161g,C. albicans,orf19.5858,Cluster5338
C. glabrata,CAGL0E06666g,C. albicans,orf19.4765,Cluster5345
C. glabrata,CAGL0M12837g,C. albicans,orf19.5263,Cluster5355
C. glabrata,CAGL0H09504g,C. albicans,orf19.4747,Cluster5359
C. glabrata,CAGL0G02805g,C. albicans,orf19.5528,Cluster5361
C. glabrata,CAGL0K11616g,C. albicans,orf19.7411,Cluster5363
C. glabrata,CAGL0I07117g,C. albicans,orf19.1110,Cluster5367
C. albicans,orf19.829,C. glabrata,CAGL0F09075g,Cluster5368
C. glabrata,CAGL0M13761g,C. albicans,orf19.4380.1,Cluster5415
C. glabrata,CAGL0M13761g,C. albicans,orf19.4379,Cluster5415
C. glabrata,CAGL0M09845g,C. albicans,orf19.1566,Cluster5444
C. glabrata,CAGL0M08646g,C. albicans,orf19.4293,Cluster5454
C. albicans,orf19.7642,C. glabrata,CAGL0G04697g,Cluster5496
C. glabrata,CAGL0M02343g,C. albicans,orf19.3677,Cluster5497
C. glabrata,CAGL0G03003g,C. albicans,orf19.1569,Cluster5499
C. glabrata,CAGL0C04697g,C. albicans,orf19.3938,Cluster55
C. glabrata,CAGL0M13321g,C. albicans,orf19.1160,Cluster5517
C. glabrata,CAGL0I01804g,C. albicans,orf19.7486,Cluster5518
C. glabrata,CAGL0D05214g,C. albicans,orf19.2310.1,Cluster5522
C. glabrata,CAGL0K10780g,C. albicans,orf19.18,Cluster5524
C. albicans,orf19.3141,C. glabrata,CAGL0H05929g,Cluster5536
C. albicans,orf19.499,C. glabrata,CAGL0J09988g,Cluster5537
C. glabrata,CAGL0A04279g,C. albicans,orf19.2541,Cluster5538
C. albicans,orf19.555,C. glabrata,CAGL0I06204g,Cluster5542
C. albicans,orf19.6994,C. glabrata,CAGL0M00176g,Cluster5544
C. albicans,orf19.797,C. glabrata,CAGL0M00176g,Cluster5544
C. albicans,orf19.5973,C. glabrata,CAGL0L06490g,Cluster5549
C. glabrata,CAGL0J09108g,C. albicans,orf19.5965,Cluster5550
C. glabrata,CAGL0L01991g,C. albicans,orf19.3062,Cluster5554
C. albicans,orf19.5772,C. glabrata,CAGL0K07139g,Cluster5555
C. glabrata,CAGL0J03058g,C. albicans,orf19.6844,Cluster5558
C. albicans,orf19.3707,C. glabrata,CAGL0L06666g,Cluster5581
C. glabrata,CAGL0B03597g,C. albicans,orf19.5013,Cluster5586
C. glabrata,CAGL0L10186g,C. albicans,orf19.5813,Cluster5587
C. glabrata,CAGL0D02772g,C. albicans,orf19.6740,Cluster5589
C. albicans,orf19.261,C. glabrata,CAGL0M07700g,Cluster5591
C. albicans,orf19.6064,C. glabrata,CAGL0K10692g,Cluster5610
C. albicans,orf19.1888,C. glabrata,CAGL0F02585g,Cluster5637
C. glabrata,CAGL0F03179g,C. albicans,orf19.6379,Cluster5641
C. glabrata,CAGL0I10428g,C. albicans,orf19.6220,Cluster5644
C. glabrata,CAGL0A04719g,C. albicans,orf19.4230,Cluster5647
C. albicans,orf19.1336,C. glabrata,CAGL0I04906g,Cluster5652
C. glabrata,CAGL0G08404g,C. albicans,orf19.3010,Cluster5653
C. glabrata,CAGL0L05852g,C. albicans,orf19.4987,Cluster5665
C. albicans,orf19.1212,C. glabrata,CAGL0G03663g,Cluster5689
C. albicans,orf19.1212,C. glabrata,CAGL0H04543g,Cluster5689
C. glabrata,CAGL0L10252g,C. albicans,orf19.7377,Cluster5691
C. glabrata,CAGL0J05566g,C. albicans,orf19.2664,Cluster5692
C. glabrata,CAGL0A03740g,C. albicans,orf19.1655,Cluster570
C. glabrata,CAGL0I05038g,C. albicans,orf19.2538,Cluster571
C. albicans,orf19.1876,C. glabrata,CAGL0H02123g,Cluster5710
C. glabrata,CAGL0G05401g,C. albicans,orf19.6494,Cluster5713
C. glabrata,CAGL0C01529g,C. albicans,orf19.763,Cluster5716
C. glabrata,CAGL0E03025g,C. albicans,orf19.1486,Cluster5735
C. albicans,orf19.2980,C. glabrata,CAGL0J04708g,Cluster575
C. albicans,orf19.1473,C. glabrata,CAGL0J07084g,Cluster5759
C. albicans,orf19.3140.1,C. glabrata,CAGL0M06171g,Cluster5761
C. albicans,orf19.6712,C. glabrata,CAGL0M00462g,Cluster5769
C. glabrata,CAGL0I03080g,C. albicans,orf19.1716,Cluster5773
C. albicans,orf19.1994,C. glabrata,CAGL0F03113g,Cluster5784
C. albicans,orf19.5137.1,C. glabrata,CAGL0M02783g,Cluster58
C. albicans,orf19.5642,C. glabrata,CAGL0M00902g,Cluster5805
C. albicans,orf19.567,C. glabrata,CAGL0K06369g,Cluster5837
C. glabrata,CAGL0G07018g,C. albicans,orf19.7427,Cluster5860
C. glabrata,CAGL0J10494g,C. albicans,orf19.1448,Cluster5862
C. albicans,orf19.5605,C. glabrata,CAGL0M03135g,Cluster5869
C. albicans,orf19.5197,C. glabrata,CAGL0E06226g,Cluster5872
C. albicans,orf19.5275,C. glabrata,CAGL0B01144g,Cluster5905
C. albicans,orf19.7079,C. glabrata,CAGL0B04851g,Cluster5907
C. albicans,orf19.7193,C. glabrata,CAGL0M06545g,Cluster5909
C. albicans,orf19.2066,C. glabrata,CAGL0M00572g,Cluster591
C. albicans,orf19.440,C. glabrata,CAGL0J00847g,Cluster5913
C. albicans,orf19.1033,C. glabrata,CAGL0M00550g,Cluster5915
C. glabrata,CAGL0F00297g,C. albicans,orf19.3445,Cluster5916
C. albicans,orf19.1305,C. glabrata,CAGL0H07183g,Cluster5930
C. albicans,orf19.7256,C. glabrata,CAGL0I06721g,Cluster595
C. glabrata,CAGL0I03828g,C. albicans,orf19.7655,Cluster5957
C. glabrata,CAGL0J04378g,C. albicans,orf19.516,Cluster5961
C. albicans,orf19.6850,C. glabrata,CAGL0B02695g,Cluster5964
C. albicans,orf19.4123,C. glabrata,CAGL0J05654g,Cluster5965
C. glabrata,CAGL0K09823g,C. albicans,orf19.1150.1,Cluster5966
C. albicans,orf19.1183,C. glabrata,CAGL0L03938g,Cluster5967
C. albicans,orf19.7534,C. glabrata,CAGL0M01694g,Cluster6023
C. albicans,orf19.6881,C. glabrata,CAGL0G01694g,Cluster6030
C. albicans,orf19.209,C. glabrata,CAGL0L00693g,Cluster6033
C. glabrata,CAGL0J11264g,C. albicans,orf19.6233,Cluster6035
C. albicans,orf19.3104,C. glabrata,CAGL0H05599g,Cluster6036
C. glabrata,CAGL0I06578g,C. albicans,orf19.1180,Cluster6041
C. glabrata,CAGL0M07095g,C. albicans,orf19.3616,Cluster6051
C. glabrata,CAGL0F01529g,C. albicans,orf19.4932,Cluster6052
C. albicans,orf19.6085,C. glabrata,CAGL0J10164g,Cluster6057
C. glabrata,CAGL0M04235g,C. albicans,orf19.6821,Cluster6059
C. albicans,orf19.5483,C. glabrata,CAGL0I00660g,Cluster6061
C. albicans,orf19.2439.1,C. glabrata,CAGL0K02893g,Cluster6064
C. albicans,orf19.1837,C. glabrata,CAGL0I06688g,Cluster6065
C. albicans,orf19.4826,C. glabrata,CAGL0G02673g,Cluster6083
C. albicans,orf19.4183,C. glabrata,CAGL0D01474g,Cluster6085
C. glabrata,CAGL0L03091g,C. albicans,orf19.7221,Cluster6092
C. glabrata,CAGL0L11990g,C. albicans,orf19.2727,Cluster6093
C. albicans,orf19.120,C. glabrata,CAGL0F02805g,Cluster6121
C. albicans,orf19.119,C. glabrata,CAGL0F02805g,Cluster6121
C. albicans,orf19.600,C. glabrata,CAGL0L05654g,Cluster6125
C. glabrata,CAGL0I01958g,C. albicans,orf19.1445,Cluster6127
C. albicans,orf19.5480,C. glabrata,CAGL0I05126g,Cluster6134
C. glabrata,CAGL0K03355g,C. albicans,orf19.5236,Cluster6135
C. albicans,orf19.4028,C. glabrata,CAGL0C04279g,Cluster6136
C. albicans,orf19.7295,C. glabrata,CAGL0E05302g,Cluster6141
C. glabrata,CAGL0L11462g,C. albicans,orf19.3003.1,Cluster6143
C. glabrata,CAGL0K03685g,C. albicans,orf19.2378,Cluster6157
C. glabrata,CAGL0L12672g,C. albicans,orf19.5198,Cluster6160
C. glabrata,CAGL0B02970g,C. albicans,orf19.860,Cluster6165
C. glabrata,CAGL0B02904g,C. albicans,orf19.342,Cluster6167
C. glabrata,CAGL0B02882g,C. albicans,orf19.3282,Cluster6168
C. glabrata,CAGL0M13255g,C. albicans,orf19.5669,Cluster6169
C. albicans,orf19.1564,C. glabrata,CAGL0D00704g,Cluster6172
C. glabrata,CAGL0I07469g,C. albicans,orf19.5432,Cluster6202
C. glabrata,CAGL0M00594g,C. albicans,orf19.5026,Cluster622
C. albicans,orf19.4950,C. glabrata,CAGL0M08712g,Cluster6230
C. glabrata,CAGL0K02937g,C. albicans,orf19.2115,Cluster6231
C. glabrata,CAGL0H10054g,C. albicans,orf19.2722,Cluster6233
C. glabrata,CAGL0C00363g,C. albicans,orf19.5861,Cluster6235
C. glabrata,CAGL0M10659g,C. albicans,orf19.2265,Cluster6239
C. albicans,orf19.4084,C. glabrata,CAGL0K09350g,Cluster6253
C. albicans,orf19.6237,C. glabrata,CAGL0J00715g,Cluster6290
C. albicans,orf19.7020,C. glabrata,CAGL0G01232g,Cluster6295
C. glabrata,CAGL0E04378g,C. albicans,orf19.2333,Cluster6322
C. glabrata,CAGL0J00561g,C. albicans,orf19.5620,Cluster6323
C. glabrata,CAGL0G07865g,C. albicans,orf19.4091,Cluster6334
C. albicans,orf19.1453,C. glabrata,CAGL0H04697g,Cluster6352
C. glabrata,CAGL0M04499g,C. albicans,orf19.4274,Cluster6353
C. glabrata,CAGL0G04411g,C. albicans,orf19.7215,Cluster6355
C. albicans,orf19.2699,C. glabrata,CAGL0C03597g,Cluster6356
C. glabrata,CAGL0I02750g,C. albicans,orf19.1699,Cluster6359
C. albicans,orf19.1220,C. glabrata,CAGL0M01650g,Cluster6360
C. albicans,orf19.5825.1,C. glabrata,CAGL0J03245g,Cluster6374
C. glabrata,CAGL0M04037g,C. albicans,orf19.6916,Cluster6375
C. albicans,orf19.3312,C. glabrata,CAGL0J03322g,Cluster6376
C. glabrata,CAGL0M08294g,C. albicans,orf19.144,Cluster6379
C. glabrata,CAGL0I05940g,C. albicans,orf19.4897,Cluster6388
C. glabrata,CAGL0K03377g,C. albicans,orf19.7235,Cluster6389
C. glabrata,CAGL0K11066g,C. albicans,orf19.7437,Cluster6399
C. glabrata,CAGL0G07175g,C. albicans,orf19.2219,Cluster6400
C. glabrata,CAGL0H04081g,C. albicans,orf19.7312,Cluster6403
C. glabrata,CAGL0F09163g,C. albicans,orf19.3963,Cluster6404
C. glabrata,CAGL0D01892g,C. albicans,orf19.6287,Cluster6406
C. glabrata,CAGL0K08580g,C. albicans,orf19.3554,Cluster6407
C. glabrata,CAGL0G07403g,C. albicans,orf19.5569,Cluster6408
C. glabrata,CAGL0A02904g,C. albicans,orf19.1515,Cluster6412
C. albicans,orf19.5087,C. glabrata,CAGL0A00891g,Cluster6413
C. glabrata,CAGL0D01826g,C. albicans,orf19.5328,Cluster6415
C. glabrata,CAGL0D00770g,C. albicans,orf19.5211,Cluster6443
C. albicans,orf19.7144,C. glabrata,CAGL0K05511g,Cluster6446
C. glabrata,CAGL0D00330g,C. albicans,orf19.796,Cluster6449
C. glabrata,CAGL0G04059g,C. albicans,orf19.1457,Cluster6450
C. glabrata,CAGL0M09669g,C. albicans,orf19.3995,Cluster6452
C. glabrata,CAGL0J05962g,C. albicans,orf19.4474,Cluster6467
C. glabrata,CAGL0D03058g,C. albicans,orf19.6991,Cluster6468
C. albicans,orf19.2196,C. glabrata,CAGL0F07425g,Cluster6470
C. glabrata,CAGL0G10087g,C. albicans,orf19.4848,Cluster6472
C. albicans,orf19.6126,C. glabrata,CAGL0E01287g,Cluster6474
C. albicans,orf19.2170,C. glabrata,CAGL0I07865g,Cluster6476
C. albicans,orf19.5014,C. glabrata,CAGL0H03201g,Cluster6477
C. glabrata,CAGL0I09152g,C. albicans,orf19.5567,Cluster6478
C. albicans,orf19.4536,C. glabrata,CAGL0E03157g,Cluster6484
C. albicans,orf19.2406,C. glabrata,CAGL0E03311g,Cluster6487
C. albicans,orf19.407,C. glabrata,CAGL0C01221g,Cluster6490
C. glabrata,CAGL0M04411g,C. albicans,orf19.1557,Cluster6492
C. glabrata,CAGL0K12496g,C. albicans,orf19.793,Cluster6494
C. albicans,orf19.325,C. glabrata,CAGL0D02332g,Cluster6497
C. albicans,orf19.3528,C. glabrata,CAGL0G02013g,Cluster6499
C. albicans,orf19.2432,C. glabrata,CAGL0K12540g,Cluster6503
C. albicans,orf19.1622,C. glabrata,CAGL0M01408g,Cluster6506
C. glabrata,CAGL0G02233g,C. albicans,orf19.3551,Cluster6510
C. glabrata,CAGL0H03179g,C. albicans,orf19.6357,Cluster6536
C. albicans,orf19.6842,C. glabrata,CAGL0J04752g,Cluster6538
C. albicans,orf19.7197,C. glabrata,CAGL0J11066g,Cluster6540
C. albicans,orf19.5059,C. glabrata,CAGL0L03630g,Cluster6546
C. albicans,orf19.807,C. glabrata,CAGL0G00814g,Cluster6551
C. glabrata,CAGL0H01485g,C. albicans,orf19.2761,Cluster6552
C. albicans,orf19.7097,C. glabrata,CAGL0J02200g,Cluster6553
C. albicans,orf19.1389,C. glabrata,CAGL0J02200g,Cluster6553
C. glabrata,CAGL0B01397g,C. albicans,orf19.1091,Cluster6571
C. albicans,orf19.6075,C. glabrata,CAGL0I03388g,Cluster6604
C. albicans,orf19.2680,C. glabrata,CAGL0H04477g,Cluster661
C. glabrata,CAGL0G06578g,C. albicans,orf19.1762,Cluster6616
C. glabrata,CAGL0E00407g,C. albicans,orf19.5247,Cluster6637
C. glabrata,CAGL0K02013g,C. albicans,orf19.524,Cluster6655
C. albicans,orf19.4447,C. glabrata,CAGL0D01606g,Cluster6657
C. glabrata,CAGL0G04015g,C. albicans,orf19.832,Cluster6662
C. glabrata,CAGL0A03212g,C. albicans,orf19.3261,Cluster6669
C. albicans,orf19.2835,C. glabrata,CAGL0G09889g,Cluster6672
C. albicans,orf19.5312,C. glabrata,CAGL0G06688g,Cluster6676
C. glabrata,CAGL0J10230g,C. albicans,orf19.6533,Cluster6678
C. glabrata,CAGL0A03014g,C. albicans,orf19.3521,Cluster6679
C. albicans,orf19.4409,C. glabrata,CAGL0L07986g,Cluster6691
C. albicans,orf19.4388,C. glabrata,CAGL0L08778g,Cluster6712
C. albicans,orf19.267,C. glabrata,CAGL0B03179g,Cluster6732
C. glabrata,CAGL0K05813g,C. albicans,orf19.6509,Cluster6745
C. albicans,orf19.4150,C. glabrata,CAGL0I04554g,Cluster6746
C. albicans,orf19.3693,C. glabrata,CAGL0G01056g,Cluster6747
C. albicans,orf19.6510,C. glabrata,CAGL0G04961g,Cluster6751
C. albicans,orf19.3893,C. glabrata,CAGL0E02915g,Cluster6753
C. albicans,orf19.3893,C. glabrata,CAGL0A01474g,Cluster6753
C. albicans,orf19.1588,C. glabrata,CAGL0I09394g,Cluster6754
C. glabrata,CAGL0J01067g,C. albicans,orf19.1039,Cluster6755
C. glabrata,CAGL0L10736g,C. albicans,orf19.6525,Cluster6756
C. albicans,orf19.2670,C. glabrata,CAGL0J10868g,Cluster6762
C. albicans,orf19.7444,C. glabrata,CAGL0D02266g,Cluster679
C. albicans,orf19.1799,C. glabrata,CAGL0K05753g,Cluster6799
C. albicans,orf19.3859,C. glabrata,CAGL0H07513g,Cluster6803
C. albicans,orf19.5908,C. glabrata,CAGL0F04081g,Cluster6811
C. albicans,orf19.5908,C. glabrata,CAGL0M01716g,Cluster6811
C. albicans,orf19.5906,C. glabrata,CAGL0K10340g,Cluster6812
C. glabrata,CAGL0E03069g,C. albicans,orf19.6686,Cluster6819
C. albicans,orf19.4375,C. glabrata,CAGL0M09801g,Cluster6837
C. glabrata,CAGL0C04323g,C. albicans,orf19.7479,Cluster6843
C. albicans,orf19.2228,C. glabrata,CAGL0K01133g,Cluster6848
C. glabrata,CAGL0K07546g,C. albicans,orf19.7597,Cluster6850
C. albicans,orf19.4193,C. glabrata,CAGL0G05049g,Cluster6851
C. albicans,orf19.6817,C. glabrata,CAGL0L03377g,Cluster6865
C. glabrata,CAGL0L03377g,C. albicans,orf19.2280,Cluster6865
C. glabrata,CAGL0K05797g,C. albicans,orf19.3533,Cluster6899
C. albicans,orf19.3796,C. glabrata,CAGL0I09636g,Cluster6903
C. glabrata,CAGL0G03399g,C. albicans,orf19.1095,Cluster6908
C. glabrata,CAGL0M09317g,C. albicans,orf19.3154,Cluster6910
C. glabrata,CAGL0E04884g,C. albicans,orf19.5975,Cluster6932
C. glabrata,CAGL0H06017g,C. albicans,orf19.5604,Cluster6943
C. glabrata,CAGL0E02409g,C. albicans,orf19.3535,Cluster6944
C. albicans,orf19.6771,C. glabrata,CAGL0D05082g,Cluster6945
C. albicans,orf19.4418,C. glabrata,CAGL0E02871g,Cluster6950
C. albicans,orf19.6045,C. glabrata,CAGL0J06226g,Cluster6955
C. albicans,orf19.3827,C. glabrata,CAGL0G02321g,Cluster6958
C. glabrata,CAGL0I08283g,C. albicans,orf19.5650,Cluster6980
C. albicans,orf19.2825,C. glabrata,CAGL0G01947g,Cluster6984
C. albicans,orf19.2712,C. glabrata,CAGL0J01045g,Cluster6986
C. albicans,orf19.171,C. glabrata,CAGL0L03846g,Cluster6988
C. albicans,orf19.956,C. glabrata,CAGL0L12210g,Cluster7003
C. glabrata,CAGL0L04246g,C. albicans,orf19.3349,Cluster701
C. albicans,orf19.5847,C. glabrata,CAGL0L02849g,Cluster702
C. glabrata,CAGL0K11418g,C. albicans,orf19.3391,Cluster703
C. albicans,orf19.1149,C. glabrata,CAGL0B04323g,Cluster7043
C. albicans,orf19.731,C. glabrata,CAGL0L13244g,Cluster7058
C. albicans,orf19.6025,C. glabrata,CAGL0D06270g,Cluster706
C. albicans,orf19.245,C. glabrata,CAGL0G09196g,Cluster7078
C. albicans,orf19.4112,C. glabrata,CAGL0M00242g,Cluster7081
C. albicans,orf19.4044,C. glabrata,CAGL0H10164g,Cluster7082
C. albicans,orf19.438,C. glabrata,CAGL0J10626g,Cluster7086
C. albicans,orf19.403,C. glabrata,CAGL0J09328g,Cluster7100
C. glabrata,CAGL0H05709g,C. albicans,orf19.7384,Cluster7108
C. albicans,orf19.3970,C. glabrata,CAGL0I02376g,Cluster7110
C. albicans,orf19.2084,C. glabrata,CAGL0A00605g,Cluster7112
C. albicans,orf19.5081,C. glabrata,CAGL0M12144g,Cluster7113
C. albicans,orf19.1617,C. glabrata,CAGL0H01045g,Cluster7125
C. glabrata,CAGL0J06974g,C. albicans,orf19.2772,Cluster7127
C. glabrata,CAGL0F05071g,C. albicans,orf19.6445,Cluster7144
C. glabrata,CAGL0F05247g,C. albicans,orf19.158,Cluster7145
C. albicans,orf19.4611,C. glabrata,CAGL0I05500g,Cluster7151
C. albicans,orf19.1575,C. glabrata,CAGL0K02541g,Cluster7152
C. glabrata,CAGL0L11968g,C. albicans,orf19.2728,Cluster7153
C. albicans,orf19.941,C. glabrata,CAGL0J10450g,Cluster7156
C. glabrata,CAGL0J07128g,C. albicans,orf19.4609,Cluster7157
C. glabrata,CAGL0H05995g,C. albicans,orf19.4609,Cluster7157
C. albicans,orf19.6551.1,C. glabrata,CAGL0M09207g,Cluster7199
C. glabrata,CAGL0M04257g,C. albicans,orf19.6822,Cluster7200
C. glabrata,CAGL0M11286g,C. albicans,orf19.1528,Cluster7202
C. glabrata,CAGL0J09482g,C. albicans,orf19.5320,Cluster7207
C. albicans,orf19.277,C. glabrata,CAGL0E05808g,Cluster7208
C. albicans,orf19.7019,C. glabrata,CAGL0G07205g,Cluster7264
C. glabrata,CAGL0H07689g,C. albicans,orf19.7441,Cluster7269
C. albicans,orf19.768,C. glabrata,CAGL0L00737g,Cluster7272
C. glabrata,CAGL0L06226g,C. albicans,orf19.5627,Cluster7273
C. albicans,orf19.3733,C. glabrata,CAGL0H03663g,Cluster7278
C. glabrata,CAGL0D01716g,C. albicans,orf19.4616,Cluster7282
C. glabrata,CAGL0M10373g,C. albicans,orf19.2174,Cluster7283
C. glabrata,CAGL0F03267g,C. albicans,orf19.4423,Cluster7285
C. glabrata,CAGL0E01969g,C. albicans,orf19.2270,Cluster7288
C. albicans,orf19.3788.1,C. glabrata,CAGL0A01540g,Cluster7303
C. glabrata,CAGL0I07645g,C. albicans,orf19.7658,Cluster732
C. albicans,orf19.484,C. glabrata,CAGL0F03663g,Cluster7330
C. albicans,orf19.2426,C. glabrata,CAGL0J10362g,Cluster7331
C. glabrata,CAGL0F07733g,C. albicans,orf19.4162,Cluster7337
C. glabrata,CAGL0E01705g,C. albicans,orf19.7481,Cluster7358
C. albicans,orf19.7177,C. glabrata,CAGL0J06776g,Cluster736
C. albicans,orf19.2023,C. glabrata,CAGL0D02662g,Cluster737
C. glabrata,CAGL0H07029g,C. albicans,orf19.863,Cluster7381
C. albicans,orf19.1887,C. glabrata,CAGL0D03256g,Cluster7383
C. glabrata,CAGL0M06941g,C. albicans,orf19.2604,Cluster7385
C. albicans,orf19.2829,C. glabrata,CAGL0J05720g,Cluster7392
C. glabrata,CAGL0J09878g,C. albicans,orf19.4601,Cluster7393
C. glabrata,CAGL0L03333g,C. albicans,orf19.2200,Cluster7396
C. glabrata,CAGL0I01012g,C. albicans,orf19.4292,Cluster7402
C. glabrata,CAGL0J10582g,C. albicans,orf19.1630,Cluster7434
C. albicans,orf19.564,C. glabrata,CAGL0D04994g,Cluster7438
C. albicans,orf19.7353,C. glabrata,CAGL0I07029g,Cluster7439
C. glabrata,CAGL0J04466g,C. albicans,orf19.6741,Cluster7443
C. glabrata,CAGL0C03355g,C. albicans,orf19.3161,Cluster7449
C. glabrata,CAGL0J09526g,C. albicans,orf19.5318,Cluster7451
C. glabrata,CAGL0J07502g,C. albicans,orf19.4459,Cluster7452
C. albicans,orf19.7368,C. glabrata,CAGL0H10604g,Cluster7453
C. albicans,orf19.6636,C. glabrata,CAGL0K07898g,Cluster7454
C. glabrata,CAGL0J03454g,C. albicans,orf19.2606,Cluster7456
C. glabrata,CAGL0I04884g,C. albicans,orf19.5440,Cluster7473
C. glabrata,CAGL0I06402g,C. albicans,orf19.4339,Cluster7474
C. glabrata,CAGL0D02838g,C. albicans,orf19.4219,Cluster7475
C. glabrata,CAGL0I10835g,C. albicans,orf19.4603,Cluster7492
C. glabrata,CAGL0G07062g,C. albicans,orf19.7403,Cluster7519
C. albicans,orf19.5073,C. glabrata,CAGL0G09955g,Cluster7521
C. albicans,orf19.6917,C. glabrata,CAGL0M03949g,Cluster7524
C. glabrata,CAGL0B00440g,C. albicans,orf19.4952,Cluster7528
C. glabrata,CAGL0I03916g,C. albicans,orf19.6447,Cluster7535
C. glabrata,CAGL0M10175g,C. albicans,orf19.3237,Cluster7537
C. albicans,orf19.3941,C. glabrata,CAGL0F04433g,Cluster7541
C. albicans,orf19.2972,C. glabrata,CAGL0K09944g,Cluster7547
C. albicans,orf19.2112,C. glabrata,CAGL0F08701g,Cluster7563
C. glabrata,CAGL0M08030g,C. albicans,orf19.2499,Cluster7569
C. albicans,orf19.2695,C. glabrata,CAGL0H09350g,Cluster7578
C. glabrata,CAGL0D03344g,C. albicans,orf19.2697,Cluster7580
C. albicans,orf19.6526,C. glabrata,CAGL0H00803g,Cluster7612
C. glabrata,CAGL0C03762g,C. albicans,orf19.2301,Cluster7615
C. glabrata,CAGL0D06094g,C. albicans,orf19.2723,Cluster7617
C. glabrata,CAGL0K10736g,C. albicans,orf19.5000,Cluster7618
C. glabrata,CAGL0M05753g,C. albicans,orf19.3481,Cluster7675
C. albicans,orf19.1910,C. glabrata,CAGL0G03201g,Cluster7710
C. glabrata,CAGL0G07881g,C. albicans,orf19.4090.1,Cluster7723
C. albicans,orf19.4092,C. glabrata,CAGL0G07821g,Cluster7726
C. glabrata,CAGL0I09856g,C. albicans,orf19.6326,Cluster7727
C. glabrata,CAGL0F00363g,C. albicans,orf19.7446,Cluster7731
C. glabrata,CAGL0K00363g,C. albicans,orf19.7440,Cluster7732
C. albicans,orf19.933,C. glabrata,CAGL0G08063g,Cluster7733
C. albicans,orf19.3015,C. glabrata,CAGL0L06314g,Cluster7755
C. albicans,orf19.6698,C. glabrata,CAGL0L08030g,Cluster7760
C. albicans,orf19.5573,C. glabrata,CAGL0A03850r,Cluster7763
C. glabrata,CAGL0A03850r,C. albicans,orf19.5037,Cluster7763
C. albicans,orf19.2007,C. glabrata,CAGL0K11792g,Cluster7771
C. albicans,orf19.5163,C. glabrata,CAGL0D05764g,Cluster7776
C. glabrata,CAGL0K08602g,C. albicans,orf19.2389,Cluster7783
C. glabrata,CAGL0C04301g,C. albicans,orf19.7477,Cluster7794
C. albicans,orf19.1885,C. glabrata,CAGL0J11726g,Cluster7802
C. albicans,orf19.6563,C. glabrata,CAGL0L01463g,Cluster7809
C. glabrata,CAGL0A04213g,C. albicans,orf19.2534,Cluster7812
C. albicans,orf19.350,C. glabrata,CAGL0I10406g,Cluster7821
C. glabrata,CAGL0A02706g,C. albicans,orf19.2326,Cluster7823
C. albicans,orf19.36,C. glabrata,CAGL0L11418g,Cluster7827
C. glabrata,CAGL0G06974g,C. albicans,orf19.3990,Cluster7837
C. glabrata,CAGL0F03531g,C. albicans,orf19.488,Cluster7852
C. albicans,orf19.7520,C. glabrata,CAGL0H06787g,Cluster7857
C. albicans,orf19.1704,C. glabrata,CAGL0H06787g,Cluster7857
C. albicans,orf19.3558,C. glabrata,CAGL0C02761g,Cluster7871
C. albicans,orf19.3558,C. glabrata,CAGL0K01793g,Cluster7871
C. albicans,orf19.3572.3,C. glabrata,CAGL0D00616g,Cluster789
C. albicans,orf19.3480,C. glabrata,CAGL0I09548g,Cluster7899
C. albicans,orf19.4266,C. glabrata,CAGL0E04840g,Cluster7939
C. glabrata,CAGL0J00649g,C. albicans,orf19.923,Cluster7959
C. glabrata,CAGL0M03487g,C. albicans,orf19.5608,Cluster7961
C. glabrata,CAGL0K02959g,C. albicans,orf19.4657,Cluster7971
C. albicans,orf19.1975,C. glabrata,CAGL0K07854g,Cluster8018
C. glabrata,CAGL0J00671g,C. albicans,orf19.6295,Cluster8019
C. glabrata,CAGL0K09614g,C. albicans,orf19.512,Cluster8022
C. glabrata,CAGL0H05665g,C. albicans,orf19.4147,Cluster8024
C. glabrata,CAGL0G00220g,C. albicans,orf19.4565,Cluster8028
C. albicans,orf19.6625,C. glabrata,CAGL0J07722g,Cluster8067
C. albicans,orf19.4818,C. glabrata,CAGL0F01177g,Cluster8069
C. albicans,orf19.4818,C. glabrata,CAGL0K08690g,Cluster8069
C. albicans,orf19.1377,C. glabrata,CAGL0E00759g,Cluster8070
C. albicans,orf19.645.1,C. glabrata,CAGL0K05379g,Cluster8099
C. glabrata,CAGL0M11770g,C. albicans,orf19.6476,Cluster8104
C. albicans,orf19.6272,C. glabrata,CAGL0C04609g,Cluster8125
C. albicans,orf19.2565,C. glabrata,CAGL0J06556g,Cluster8138
C. albicans,orf19.5702,C. glabrata,CAGL0L03718g,Cluster8140
C. albicans,orf19.3630,C. glabrata,CAGL0K10010g,Cluster8142
C. albicans,orf19.2306,C. glabrata,CAGL0K08800g,Cluster8143
C. glabrata,CAGL0K10626g,C. albicans,orf19.3278,Cluster8146
C. glabrata,CAGL0G05676g,C. albicans,orf19.3371,Cluster815
C. glabrata,CAGL0I07969g,C. albicans,orf19.5231.2,Cluster8158
C. albicans,orf19.321,C. glabrata,CAGL0E04004g,Cluster8160
C. albicans,orf19.5292,C. glabrata,CAGL0L08294g,Cluster8164
C. albicans,orf19.6642,C. glabrata,CAGL0J08052g,Cluster8166
C. albicans,orf19.4086,C. glabrata,CAGL0J10098g,Cluster8174
C. glabrata,CAGL0F01639g,C. albicans,orf19.1054,Cluster818
C. albicans,orf19.6882,C. glabrata,CAGL0I01320g,Cluster8205
C. albicans,orf19.6882,C. glabrata,CAGL0L01177g,Cluster8205
C. glabrata,CAGL0K03069g,C. albicans,orf19.4522,Cluster8206
C. glabrata,CAGL0L03828g,C. albicans,orf19.1397,Cluster8207
C. glabrata,CAGL0L13024g,C. albicans,orf19.3698,Cluster8210
C. glabrata,CAGL0C05181g,C. albicans,orf19.2193,Cluster8211
C. albicans,orf19.6805,C. glabrata,CAGL0C03696g,Cluster8215
C. albicans,orf19.3222,C. glabrata,CAGL0I10626g,Cluster8240
C. albicans,orf19.3690.2,C. glabrata,CAGL0G01078g,Cluster8243
C. glabrata,CAGL0D04048g,C. albicans,orf19.806,Cluster8264
C. glabrata,CAGL0K12232g,C. albicans,orf19.1170,Cluster8281
C. glabrata,CAGL0J10384g,C. albicans,orf19.2864.1,Cluster8282
C. albicans,orf19.1045,C. glabrata,CAGL0J01914g,Cluster8296
C. glabrata,CAGL0M12573g,C. albicans,orf19.6866,Cluster8299
C. albicans,orf19.1028,C. glabrata,CAGL0J07414g,Cluster8302
C. glabrata,CAGL0J07700g,C. albicans,orf19.1281,Cluster8304
C. albicans,orf19.1381,C. glabrata,CAGL0B00814g,Cluster8305
C. albicans,orf19.7286,C. glabrata,CAGL0G01672g,Cluster8307
C. glabrata,CAGL0G08129g,C. albicans,orf19.4945,Cluster8308
C. albicans,orf19.4220,C. glabrata,CAGL0I06424g,Cluster8311
C. glabrata,CAGL0F08943g,C. albicans,orf19.477,Cluster8315
C. glabrata,CAGL0J10802g,C. albicans,orf19.596.1,Cluster8316
C. glabrata,CAGL0M08690g,C. albicans,orf19.5660,Cluster8321
C. albicans,orf19.5651,C. glabrata,CAGL0H00528g,Cluster8324
C. glabrata,CAGL0G03553g,C. albicans,orf19.5438,Cluster8325
C. glabrata,CAGL0I04576g,C. albicans,orf19.7644,Cluster8326
C. glabrata,CAGL0C02871g,C. albicans,orf19.6934,Cluster8334
C. albicans,orf19.4812,C. glabrata,CAGL0M02365g,Cluster8339
C. glabrata,CAGL0G09977g,C. albicans,orf19.744,Cluster8343
C. albicans,orf19.7239,C. glabrata,CAGL0G05830g,Cluster8353
C. glabrata,CAGL0K12694g,C. albicans,orf19.5007,Cluster8362
C. glabrata,CAGL0M11110g,C. albicans,orf19.6828,Cluster8366
C. albicans,orf19.1865,C. glabrata,CAGL0F08965g,Cluster8367
C. glabrata,CAGL0J11484g,C. albicans,orf19.5159,Cluster8368
C. albicans,orf19.6403,C. glabrata,CAGL0F01089g,Cluster8399
C. glabrata,CAGL0K03531g,C. albicans,orf19.6909,Cluster8401
C. albicans,orf19.138,C. glabrata,CAGL0I04664g,Cluster8404
C. glabrata,CAGL0F07535g,C. albicans,orf19.4864,Cluster8411
C. glabrata,CAGL0L02123g,C. albicans,orf19.5871,Cluster8417
C. albicans,orf19.1394,C. glabrata,CAGL0E00495g,Cluster8420
C. albicans,orf19.2973,C. glabrata,CAGL0K09922g,Cluster8424
C. glabrata,CAGL0K04345g,C. albicans,orf19.2930,Cluster8428
C. albicans,orf19.1860,C. glabrata,CAGL0F08107g,Cluster8442
C. glabrata,CAGL0B00792g,C. albicans,orf19.6826,Cluster8446
C. albicans,orf19.2795,C. glabrata,CAGL0H07975g,Cluster8447
C. albicans,orf19.5008.1,C. glabrata,CAGL0D04394g,Cluster8466
C. albicans,orf19.5941,C. glabrata,CAGL0L11308g,Cluster8469
C. glabrata,CAGL0D03542g,C. albicans,orf19.2984,Cluster8471
C. glabrata,CAGL0I07601g,C. albicans,orf19.3400,Cluster8474
C. glabrata,CAGL0E04576g,C. albicans,orf19.5166,Cluster8539
C. albicans,orf19.2117,C. glabrata,CAGL0K02915g,Cluster855
C. glabrata,CAGL0K10758g,C. albicans,orf19.4181,Cluster8552
C. glabrata,CAGL0F05401g,C. albicans,orf19.3132,Cluster8556
C. glabrata,CAGL0M00748g,C. albicans,orf19.5643,Cluster8562
C. albicans,orf19.5117,C. glabrata,CAGL0I00418g,Cluster8563
C. glabrata,CAGL0L05280g,C. albicans,orf19.4578,Cluster8565
C. albicans,orf19.6136,C. glabrata,CAGL0M00858g,Cluster8566
C. glabrata,CAGL0J07612g,C. albicans,orf19.4754,Cluster8568
C. albicans,orf19.7053,C. glabrata,CAGL0H04037g,Cluster8584
C. glabrata,CAGL0L00803g,C. albicans,orf19.3302,Cluster8585
C. albicans,orf19.1030,C. glabrata,CAGL0L11484g,Cluster8587
C. glabrata,CAGL0F04873g,C. albicans,orf19.7363,Cluster8592
C. glabrata,CAGL0F04873g,C. albicans,orf19.348,Cluster8592
C. glabrata,CAGL0H06237g,C. albicans,orf19.6405,Cluster8614
C. albicans,orf19.3345,C. glabrata,CAGL0F02783g,Cluster8615
C. glabrata,CAGL0K08558g,C. albicans,orf19.1618,Cluster8616
C. glabrata,CAGL0F00495g,C. albicans,orf19.2290,Cluster8618
C. glabrata,CAGL0C00737g,C. albicans,orf19.4268,Cluster8623
C. albicans,orf19.429,C. glabrata,CAGL0M03751g,Cluster8625
C. glabrata,CAGL0I03586g,C. albicans,orf19.2713,Cluster8626
C. albicans,orf19.1358,C. glabrata,CAGL0L02475g,Cluster8628
C. glabrata,CAGL0K04807g,C. albicans,orf19.6324,Cluster864
C. glabrata,CAGL0M08552g,C. albicans,orf19.3606,Cluster8655
C. glabrata,CAGL0E04334g,C. albicans,orf19.922,Cluster8666
C. albicans,orf19.1782,C. glabrata,CAGL0L02343g,Cluster8675
C. glabrata,CAGL0L02343g,C. albicans,orf19.1372,Cluster8675
C. albicans,orf19.6086,C. glabrata,CAGL0G04741g,Cluster8678
C. glabrata,CAGL0E01309g,C. albicans,orf19.6966,Cluster8679
C. albicans,orf19.7041,C. glabrata,CAGL0M12166g,Cluster868
C. albicans,orf19.7612,C. glabrata,CAGL0I01210g,Cluster8685
C. albicans,orf19.2483,C. glabrata,CAGL0L08068g,Cluster8690
C. glabrata,CAGL0I02948g,C. albicans,orf19.5526,Cluster8691
C. glabrata,CAGL0L10450g,C. albicans,orf19.1659,Cluster8696
C. albicans,orf19.772,C. glabrata,CAGL0J06402g,Cluster870
C. albicans,orf19.3395,C. glabrata,CAGL0J00363g,Cluster8700
C. glabrata,CAGL0D06556g,C. albicans,orf19.2407,Cluster871
C. glabrata,CAGL0L08162g,C. albicans,orf19.5241,Cluster8718
C. albicans,orf19.4537,C. glabrata,CAGL0D06160g,Cluster8719
C. albicans,orf19.3865,C. glabrata,CAGL0B04895g,Cluster8722
C. albicans,orf19.7547,C. glabrata,CAGL0H07315g,Cluster8726
C. albicans,orf19.7547,C. glabrata,CAGL0H07293g,Cluster8726
C. glabrata,CAGL0M01936g,C. albicans,orf19.2163,Cluster8737
C. albicans,orf19.3753,C. glabrata,CAGL0A04455g,Cluster8741
C. glabrata,CAGL0J09394g,C. albicans,orf19.1340,Cluster8742
C. glabrata,CAGL0L03674g,C. albicans,orf19.4450,Cluster8743
C. albicans,orf19.7484,C. glabrata,CAGL0I04444g,Cluster8744
C. albicans,orf19.3844,C. glabrata,CAGL0E06512g,Cluster8745
C. albicans,orf19.4143,C. glabrata,CAGL0F01551g,Cluster8746
C. glabrata,CAGL0C03784g,C. albicans,orf19.2299,Cluster8747
C. albicans,orf19.6773,C. glabrata,CAGL0E03828g,Cluster8748
C. albicans,orf19.1949,C. glabrata,CAGL0L02299g,Cluster875
C. albicans,orf19.6039,C. glabrata,CAGL0D01914g,Cluster8759
C. glabrata,CAGL0I10296g,C. albicans,orf19.1800,Cluster8764
C. glabrata,CAGL0G04037g,C. albicans,orf19.6008,Cluster8767
C. albicans,orf19.1424,C. glabrata,CAGL0M09647g,Cluster877
C. albicans,orf19.4679,C. glabrata,CAGL0C00539g,Cluster8773
C. albicans,orf19.7357,C. glabrata,CAGL0M06721g,Cluster8774
C. glabrata,CAGL0K02321g,C. albicans,orf19.2660,Cluster8778
C. albicans,orf19.1396,C. glabrata,CAGL0L00825g,Cluster8796
C. albicans,orf19.905,C. glabrata,CAGL0M06611g,Cluster8798
C. glabrata,CAGL0F06391g,C. albicans,orf19.5827,Cluster8800
C. glabrata,CAGL0D00220g,C. albicans,orf19.5299,Cluster8808
C. glabrata,CAGL0L03245g,C. albicans,orf19.3787,Cluster8810
C. glabrata,CAGL0K12738g,C. albicans,orf19.4213,Cluster8836
C. albicans,orf19.1950,C. glabrata,CAGL0B04411g,Cluster8840
C. albicans,orf19.4072,C. glabrata,CAGL0K00110g,Cluster8841
C. albicans,orf19.4072,C. glabrata,CAGL0F09251g,Cluster8841
C. glabrata,CAGL0J12067g,C. albicans,orf19.5399,Cluster8844
C. albicans,orf19.5399,C. glabrata,CAGL0E06600g,Cluster8844
C. glabrata,CAGL0D00143g,C. albicans,orf19.4975,Cluster8845
C. albicans,orf19.6558,C. glabrata,CAGL0H00242g,Cluster886
C. albicans,orf19.544.1,C. glabrata,CAGL0F01199g,Cluster8865
C. glabrata,CAGL0F07249g,C. albicans,orf19.7454,Cluster8867
C. albicans,orf19.4004,C. glabrata,CAGL0G06908g,Cluster8868
C. glabrata,CAGL0G01584g,C. albicans,orf19.2528,Cluster8906
C. glabrata,CAGL0L00495g,C. albicans,orf19.6515,Cluster8909
C. glabrata,CAGL0F00561g,C. albicans,orf19.2287,Cluster8913
C. albicans,orf19.1304,C. glabrata,CAGL0H07205g,Cluster8917
C. glabrata,CAGL0I01672g,C. albicans,orf19.5892,Cluster8928
C. albicans,orf19.489,C. glabrata,CAGL0F03553g,Cluster8935
C. albicans,orf19.2928,C. glabrata,CAGL0I07381g,Cluster8942
C. glabrata,CAGL0I05588g,C. albicans,orf19.1362,Cluster8944
C. albicans,orf19.2000,C. glabrata,CAGL0L08844g,Cluster8945
C. glabrata,CAGL0F05027g,C. albicans,orf19.5488,Cluster8994
C. glabrata,CAGL0M10417g,C. albicans,orf19.1349,Cluster8995
C. glabrata,CAGL0H10142g,C. albicans,orf19.1517,Cluster8999
C. glabrata,CAGL0E01925g,C. albicans,orf19.5987,Cluster9000
C. glabrata,CAGL0K08382g,C. albicans,orf19.3325.3,Cluster9003
C. albicans,orf19.3407,C. glabrata,CAGL0J03586g,Cluster9007
C. glabrata,CAGL0K11506g,C. albicans,orf19.547,Cluster901
C. glabrata,CAGL0M06853g,C. albicans,orf19.7358,Cluster9024
C. albicans,orf19.428,C. glabrata,CAGL0J05082g,Cluster9025
C. glabrata,CAGL0K06479g,C. albicans,orf19.1196,Cluster9026
C. glabrata,CAGL0K11550g,C. albicans,orf19.4347,Cluster9031
C. glabrata,CAGL0H08085g,C. albicans,orf19.926,Cluster904
C. albicans,orf19.4106,C. glabrata,CAGL0M00264g,Cluster906
C. albicans,orf19.652,C. glabrata,CAGL0C02255g,Cluster907
C. glabrata,CAGL0F06523g,C. albicans,orf19.107,Cluster9071
C. albicans,orf19.1687,C. glabrata,CAGL0I05676g,Cluster9072
C. albicans,orf19.5912,C. glabrata,CAGL0M11154g,Cluster9075
C. albicans,orf19.6340,C. glabrata,CAGL0I07799g,Cluster9077
C. glabrata,CAGL0M01298g,C. albicans,orf19.2799,Cluster9081
C. albicans,orf19.4677,C. glabrata,CAGL0J11814g,Cluster9086
C. glabrata,CAGL0M13827g,C. albicans,orf19.2495,Cluster9088
C. glabrata,CAGL0B00330g,C. albicans,orf19.658,Cluster909
C. albicans,orf19.2643,C. glabrata,CAGL0G10043g,Cluster9092
C. glabrata,CAGL0J07876g,C. albicans,orf19.3182,Cluster9095
C. glabrata,CAGL0J07898g,C. albicans,orf19.3182,Cluster9095
C. glabrata,CAGL0I03630g,C. albicans,orf19.2715,Cluster9096
C. glabrata,CAGL0B00286g,C. albicans,orf19.1996,Cluster9098
C. glabrata,CAGL0B02607g,C. albicans,orf19.2601,Cluster9116
C. albicans,orf19.947,C. glabrata,CAGL0M10329g,Cluster913
C. albicans,orf19.5982,C. glabrata,CAGL0E02013g,Cluster915
C. glabrata,CAGL0J05280g,C. albicans,orf19.3063,Cluster9155
C. albicans,orf19.5751,C. glabrata,CAGL0K04147g,Cluster9161
C. glabrata,CAGL0J06248g,C. albicans,orf19.6046,Cluster9162
C. albicans,orf19.3782,C. glabrata,CAGL0K06809g,Cluster9170
C. albicans,orf19.3342,C. glabrata,CAGL0I07205g,Cluster92
C. glabrata,CAGL0L04136g,C. albicans,orf19.2600,Cluster9211
C. albicans,orf19.874,C. glabrata,CAGL0B00682g,Cluster9214
C. albicans,orf19.6975,C. glabrata,CAGL0M02849g,Cluster9217
C. albicans,orf19.2006.1,C. glabrata,CAGL0D05632g,Cluster9224
C. glabrata,CAGL0H05885g,C. albicans,orf19.6061,Cluster9226
C. albicans,orf19.6360,C. glabrata,CAGL0E01023g,Cluster9228
C. glabrata,CAGL0B03608g,C. albicans,orf19.6359,Cluster9229
C. albicans,orf19.250,C. glabrata,CAGL0I04070g,Cluster9239
C. albicans,orf19.3547,C. glabrata,CAGL0I02926g,Cluster9245
C. glabrata,CAGL0D00880g,C. albicans,orf19.6417,Cluster9249
C. albicans,orf19.2331,C. glabrata,CAGL0K06193g,Cluster9250
C. glabrata,CAGL0B01925g,C. albicans,orf19.7510,Cluster9265
C. glabrata,CAGL0M11396g,C. albicans,orf19.7510,Cluster9265
C. albicans,orf19.4490,C. glabrata,CAGL0M08118g,Cluster9271
C. albicans,orf19.3590,C. glabrata,CAGL0H09878g,Cluster9273
C. albicans,orf19.4800,C. glabrata,CAGL0L10956g,Cluster9275
C. glabrata,CAGL0M10829g,C. albicans,orf19.3775,Cluster9278
C. glabrata,CAGL0I05896g,C. albicans,orf19.147,Cluster9279
C. glabrata,CAGL0E03201g,C. albicans,orf19.169,Cluster9280
C. albicans,orf19.4375.1,C. glabrata,CAGL0G09713g,Cluster9297
C. albicans,orf19.2179,C. glabrata,CAGL0E04092g,Cluster9298
C. glabrata,CAGL0M10703g,C. albicans,orf19.3409,Cluster93
C. glabrata,CAGL0L04180g,C. albicans,orf19.3699,Cluster9300
C. albicans,orf19.7569,C. glabrata,CAGL0A04015g,Cluster9303
C. albicans,orf19.3559,C. glabrata,CAGL0I08877g,Cluster9319
C. albicans,orf19.1422,C. glabrata,CAGL0M06259g,Cluster9321
C. glabrata,CAGL0L10714g,C. albicans,orf19.6026,Cluster9325
C. albicans,orf19.903,C. glabrata,CAGL0E06358g,Cluster9337
C. glabrata,CAGL0M02002g,C. albicans,orf19.3665,Cluster9339
C. glabrata,CAGL0E04928g,C. albicans,orf19.1303,Cluster9343
C. albicans,orf19.1789,C. glabrata,CAGL0J11110g,Cluster9344
C. albicans,orf19.4236,C. glabrata,CAGL0A04741g,Cluster9347
C. albicans,orf19.6588,C. glabrata,CAGL0E01045g,Cluster9356
C. albicans,orf19.3659,C. glabrata,CAGL0G05181g,Cluster9357
C. albicans,orf19.6286.2,C. glabrata,CAGL0J00737g,Cluster9375
C. glabrata,CAGL0G01606g,C. albicans,orf19.5239,Cluster9376
C. albicans,orf19.1115,C. glabrata,CAGL0K06281g,Cluster94
C. glabrata,CAGL0M07568g,C. albicans,orf19.7329,Cluster9425
C. glabrata,CAGL0M12881g,C. albicans,orf19.4836,Cluster9428
C. glabrata,CAGL0K06567g,C. albicans,orf19.5225.2,Cluster9429
C. albicans,orf19.6648,C. glabrata,CAGL0F08129g,Cluster9432
C. glabrata,CAGL0K12782g,C. albicans,orf19.2933,Cluster9433
C. glabrata,CAGL0A01606g,C. albicans,orf19.2922,Cluster9437
C. glabrata,CAGL0L02629g,C. albicans,orf19.2559,Cluster9438
C. albicans,orf19.3949,C. glabrata,CAGL0G00528g,Cluster9439
C. albicans,orf19.2259,C. glabrata,CAGL0M10637g,Cluster9442
C. albicans,orf19.6479,C. glabrata,CAGL0E01001g,Cluster9444
C. glabrata,CAGL0K01397g,C. albicans,orf19.4723,Cluster9445
C. albicans,orf19.1336.2,C. glabrata,CAGL0A04389g,Cluster9446
C. glabrata,CAGL0K02585g,C. albicans,orf19.3193,Cluster946
C. glabrata,CAGL0J04576g,C. albicans,orf19.4173,Cluster9462
C. albicans,orf19.3663.1,C. glabrata,CAGL0F04191g,Cluster9463
C. glabrata,CAGL0M07073g,C. albicans,orf19.4740,Cluster947
C. glabrata,CAGL0C04939g,C. albicans,orf19.4678,Cluster9472
C. albicans,orf19.7118,C. glabrata,CAGL0L11902g,Cluster948
C. glabrata,CAGL0E04708g,C. albicans,orf19.3043,Cluster950
C. albicans,orf19.4435,C. glabrata,CAGL0F04301g,Cluster9504
C. glabrata,CAGL0K06347g,C. albicans,orf19.4134,Cluster9509
C. albicans,orf19.972,C. glabrata,CAGL0K06941g,Cluster953
C. albicans,orf19.4837,C. glabrata,CAGL0L04752g,Cluster9531
C. albicans,orf19.4697,C. glabrata,CAGL0M11616g,Cluster954
C. glabrata,CAGL0M09086g,C. albicans,orf19.4257,Cluster9560
C. albicans,orf19.4182,C. glabrata,CAGL0J04774g,Cluster9598
C. albicans,orf19.418,C. glabrata,CAGL0M13409g,Cluster96
C. albicans,orf19.3980,C. glabrata,CAGL0G00506g,Cluster9600
C. albicans,orf19.5662,C. glabrata,CAGL0M01452g,Cluster9617
C. albicans,orf19.3782.2,C. glabrata,CAGL0B00396g,Cluster9623
C. glabrata,CAGL0H06611g,C. albicans,orf19.4686,Cluster9644
C. glabrata,CAGL0G06182g,C. albicans,orf19.6660,Cluster9645
C. glabrata,CAGL0J05830g,C. albicans,orf19.6660,Cluster9645
C. glabrata,CAGL0F05379g,C. albicans,orf19.4045,Cluster9647
C. albicans,orf19.5466,C. glabrata,CAGL0J03234g,Cluster9650
C. albicans,orf19.3026,C. glabrata,CAGL0H02739g,Cluster9654
C. albicans,orf19.837,C. glabrata,CAGL0D02156g,Cluster9659
C. albicans,orf19.698,C. glabrata,CAGL0D04202g,Cluster9661
C. albicans,orf19.3173,C. glabrata,CAGL0H03597g,Cluster9664
C. albicans,orf19.2298,C. glabrata,CAGL0L02365g,Cluster9668
C. albicans,orf19.2921,C. glabrata,CAGL0H09702g,Cluster9675
C. albicans,orf19.5759,C. glabrata,CAGL0I04862g,Cluster9680
C. glabrata,CAGL0J04268g,C. albicans,orf19.3171,Cluster9681
C. glabrata,CAGL0H06732g,C. albicans,orf19.1618.1,Cluster9684
C. albicans,orf19.5378,C. glabrata,CAGL0A00407g,Cluster9685
C. glabrata,CAGL0I07535g,C. albicans,orf19.6693,Cluster9708
C. albicans,orf19.4025,C. glabrata,CAGL0H09548g,Cluster9720
C. glabrata,CAGL0L12870g,C. albicans,orf19.3268,Cluster9723
C. glabrata,CAGL0K02717g,C. albicans,orf19.5747,Cluster9724
C. glabrata,CAGL0D02398g,C. albicans,orf19.4248,Cluster9729
C. glabrata,CAGL0H06127g,C. albicans,orf19.6696,Cluster9741
C. glabrata,CAGL0M00418g,C. albicans,orf19.6183,Cluster9742
C. glabrata,CAGL0F06693g,C. albicans,orf19.4577.3,Cluster9743
C. albicans,orf19.4620,C. glabrata,CAGL0H08525g,Cluster9744
C. albicans,orf19.1712,C. glabrata,CAGL0I03102g,Cluster9747
C. albicans,orf19.6926,C. glabrata,CAGL0E03476g,Cluster9756
C. albicans,orf19.3856,C. glabrata,CAGL0H07535g,Cluster9760
C. albicans,orf19.2178.1,C. glabrata,CAGL0L05626g,Cluster9762
C. glabrata,CAGL0D05280g,C. albicans,orf19.4076,Cluster9778
C. glabrata,CAGL0H00462g,C. albicans,orf19.4336,Cluster9781
C. glabrata,CAGL0J02398g,C. albicans,orf19.1249,Cluster9782
C. albicans,orf19.4341,C. glabrata,CAGL0H00220g,Cluster9784
C. albicans,orf19.1240,C. glabrata,CAGL0D04510g,Cluster9786
C. albicans,orf19.2519,C. glabrata,CAGL0C04851g,Cluster9789
C. glabrata,CAGL0K03465g,C. albicans,orf19.1613,Cluster9791
C. albicans,orf19.2877,C. glabrata,CAGL0M07920g,Cluster9793
C. albicans,orf19.2352,C. glabrata,CAGL0K04015g,Cluster9797
C. albicans,orf19.7401,C. glabrata,CAGL0I09614g,Cluster9859
C. glabrata,CAGL0E02299g,C. albicans,orf19.719,Cluster9869
C. glabrata,CAGL0M13915g,C. albicans,orf19.4563,Cluster9872
C. albicans,orf19.5848,C. glabrata,CAGL0B05049g,Cluster9875
C. glabrata,CAGL0F03861g,C. albicans,orf19.4809,Cluster9878
C. glabrata,CAGL0M11638g,C. albicans,orf19.4948,Cluster9886
C. glabrata,CAGL0C05269g,C. albicans,orf19.3180,Cluster9890
C. albicans,orf19.5171,C. glabrata,CAGL0L07172g,Cluster9893
C. albicans,orf19.7397.1,C. glabrata,CAGL0K02233g,Cluster9896
C. glabrata,CAGL0C03135g,C. albicans,orf19.1883,Cluster9900
C. albicans,orf19.164,C. glabrata,CAGL0J08547g,Cluster9907
C. glabrata,CAGL0C00759g,C. albicans,orf19.4282,Cluster9908
C. glabrata,CAGL0I03344g,C. albicans,orf19.5071,Cluster9913
C. glabrata,CAGL0K08536g,C. albicans,orf19.1628,Cluster9914
C. glabrata,CAGL0G02585g,C. albicans,orf19.2525,Cluster9922
C. glabrata,CAGL0G07953g,C. albicans,orf19.3704.1,Cluster993
C. albicans,orf19.4149.1,C. glabrata,CAGL0K11748g,Cluster9985
C. glabrata,CAGL0H03487g,C. albicans,orf19.2272,Cluster9987
C. glabrata,CAGL0D05412g,C. albicans,orf19.989,Cluster9995
C. albicans,orf19.6400,C. glabrata,CAGL0F01111g,Cluster9996
C. albicans,orf19.7451,C. glabrata,CAGL0F00913g,Cluster9998
C. albicans,orf19.1917,C. glabrata,CAGL0F08437g,Cluster9999
